House ID,Golden Grains
36306,0
61829,0
14152,0
12997,0
40801,0
9348,0
51550,0
60512,0
31309,0
39199,0
15160,0
21705,0
19042,0
12249,0
33104,0
55264,0
29445,0
49013,0
276,0
47721,0
19656,0
35806,0
70637,0
62010,0
67576,0
31774,0
43822,0
27445,0
35817,0
26363,0
44463,0
17002,0
55223,0
42974,0
51133,0
16974,0
27813,0
65408,0
67455,0
4577,0
55641,0
54834,0
9699,0
61811,0
63620,0
18723,0
48538,0
45891,0
42487,0
45698,0
24263,0
41707,0
71360,0
38487,0
56093,0
56207,0
68130,0
60780,0
22130,0
63352,0
71720,0
17183,0
60719,0
43983,0
21744,0
16560,0
39376,0
49579,0
9371,0
28064,0
8502,0
48035,0
71493,0
65537,0
5028,0
39532,0
58889,0
60944,0
47413,0
23076,0
28829,0
10786,0
21198,0
49596,0
61880,0
58534,0
44724,0
23197,0
72667,0
34445,0
40800,0
39624,0
28999,0
15970,0
67001,0
22059,0
63097,0
43552,0
42932,0
8275,0
8268,0
68976,0
59824,0
38163,0
45895,0
35842,0
64826,0
56756,0
33798,0
22149,0
50501,0
17068,0
16498,0
67306,0
39408,0
20820,0
50056,0
67148,0
42800,0
41777,0
38995,0
34695,0
65778,0
58836,0
16182,0
7579,0
52338,0
65653,0
2203,0
65595,0
39545,0
12813,0
21091,0
1477,0
26173,0
39791,0
46915,0
67454,0
70583,0
51844,0
14963,0
3413,0
9991,0
67876,0
9844,0
54687,0
22349,0
843,0
44512,0
65240,0
10959,0
5519,0
57956,0
59156,0
2774,0
32087,0
43354,0
18646,0
56977,0
44941,0
69886,0
69927,0
14818,0
56749,0
56821,0
38253,0
21323,0
53178,0
35466,0
34698,0
31815,0
27194,0
15380,0
8155,0
42908,0
30912,0
35146,0
58210,0
33549,0
2276,0
20231,0
47388,0
67866,0
58108,0
33306,0
68765,0
45271,0
23875,0
34632,0
49767,0
64169,0
71937,0
61564,0
68553,0
21404,0
49781,0
25481,0
7073,0
61491,0
25847,0
71761,0
58606,0
68786,0
37325,0
27430,0
61231,0
65733,0
48960,0
40193,0
43723,0
35411,0
21868,0
15830,0
22011,0
42952,0
13210,0
38645,0
65174,0
66314,0
38083,0
13070,0
39348,0
7075,0
7840,0
22798,0
43842,0
15430,0
57754,0
4357,0
46428,0
51078,0
46067,0
49814,0
64209,0
50389,0
56153,0
4052,0
56582,0
27261,0
66015,0
46910,0
65455,0
44343,0
30500,0
67064,0
45386,0
45407,0
57951,0
57408,0
25654,0
58670,0
30431,0
6689,0
48622,0
46417,0
45451,0
37793,0
1733,0
50976,0
44545,0
25542,0
45199,0
55826,0
26527,0
52254,0
61358,0
64704,0
72179,0
67601,0
65829,0
25603,0
55928,0
51358,0
61513,0
4945,0
17889,0
54738,0
23515,0
34112,0
3897,0
1117,0
120,0
35789,0
20547,0
43870,0
62440,0
57984,0
11808,0
27581,0
18175,0
36103,0
39380,0
40450,0
22797,0
44577,0
49988,0
32685,0
2564,0
37188,0
66881,0
7967,0
38940,0
32913,0
9168,0
27896,0
7610,0
1752,0
11078,0
42067,0
8205,0
62739,0
67643,0
57519,0
46049,0
64480,0
57704,0
62988,0
21330,0
49580,0
44223,0
71383,0
34305,0
46737,0
21692,0
58457,0
55793,0
54675,0
811,0
24677,0
24103,0
53850,0
23545,0
42719,0
50245,0
1281,0
43477,0
70531,0
22411,0
60913,0
26589,0
40619,0
24853,0
68152,0
23367,0
29938,0
56780,0
24124,0
20766,0
22690,0
16388,0
57062,0
33949,0
50590,0
1283,0
23522,0
40186,0
14218,0
59572,0
46936,0
56234,0
24793,0
72091,0
42379,0
583,0
51913,0
57964,0
41660,0
24094,0
63673,0
52407,0
33883,0
29589,0
34924,0
55338,0
51317,0
60264,0
56871,0
68987,0
52584,0
24019,0
10756,0
64635,0
51914,0
26292,0
47520,0
58112,0
9726,0
60009,0
46961,0
41423,0
31772,0
21556,0
46135,0
14007,0
52888,0
9048,0
40032,0
67793,0
26063,0
12864,0
66746,0
27195,0
29263,0
38798,0
37777,0
57055,0
20164,0
16657,0
70135,0
48475,0
71940,0
67822,0
61100,0
67622,0
72603,0
24347,0
33665,0
58478,0
37220,0
45296,0
38270,0
2197,0
69353,0
48445,0
29000,0
8065,0
68363,0
46459,0
29798,0
9861,0
71489,0
3846,0
41680,0
41077,0
59658,0
2806,0
31673,0
50706,0
61522,0
1800,0
64611,0
9727,0
41535,0
23695,0
39952,0
31662,0
56956,0
44650,0
53531,0
32779,0
60692,0
34034,0
23944,0
9702,0
63286,0
40281,0
19178,0
13294,0
49942,0
4873,0
30378,0
41273,0
68946,0
25451,0
27304,0
29476,0
56960,0
21727,0
45034,0
11883,0
53080,0
32093,0
7319,0
46289,0
6064,0
40455,0
33505,0
43713,0
67105,0
38066,0
41888,0
15996,0
41651,0
2552,0
27628,0
65803,0
5001,0
4113,0
59163,0
39986,0
42454,0
41666,0
7705,0
32536,0
52650,0
50883,0
32985,0
51717,0
43620,0
61207,0
66996,0
8165,0
16900,0
58951,0
68385,0
37663,0
12889,0
50054,0
40563,0
46541,0
38702,0
60017,0
53059,0
23709,0
6727,0
29452,0
1865,0
9096,0
42167,0
52096,0
17477,0
32424,0
33794,0
35597,0
12060,0
55837,0
225,0
19154,0
25588,0
38518,0
39677,0
16450,0
24655,0
17573,0
31618,0
37623,0
19062,0
52526,0
18349,0
24760,0
28961,0
33397,0
65964,0
55482,0
65261,0
29176,0
21122,0
61118,0
40982,0
59279,0
29526,0
63752,0
30807,0
44936,0
51481,0
67019,0
43645,0
28137,0
23397,0
17025,0
34504,0
19103,0
47671,0
43262,0
60627,0
16300,0
54222,0
4142,0
27841,0
20873,0
10248,0
47832,0
35480,0
66428,0
57118,0
34487,0
10437,0
7844,0
26290,0
52508,0
54004,0
42413,0
57503,0
26181,0
41747,0
40367,0
2478,0
31468,0
46777,0
69162,0
1198,0
52319,0
53307,0
10730,0
63699,0
31938,0
6993,0
50887,0
72677,0
60380,0
43179,0
66551,0
42186,0
68720,0
17374,0
12284,0
53161,0
55508,0
16325,0
13185,0
9342,0
43385,0
48487,0
5890,0
31784,0
14790,0
23679,0
3410,0
27259,0
48717,0
6991,0
52453,0
51839,0
69386,0
67245,0
39568,0
30975,0
27990,0
3152,0
28094,0
27229,0
59224,0
49068,0
18745,0
16299,0
57449,0
62516,0
23582,0
54870,0
69399,0
17100,0
48236,0
65999,0
24135,0
11479,0
28965,0
45545,0
27993,0
40663,0
31532,0
39084,0
67382,0
5414,0
32263,0
23628,0
7791,0
67073,0
63548,0
42665,0
62020,0
25205,0
68942,0
2947,0
938,0
36585,0
57368,0
5520,0
16059,0
26771,0
10600,0
47599,0
23030,0
18227,0
63817,0
48770,0
34880,0
59912,0
30438,0
54659,0
25409,0
56721,0
55956,0
66961,0
63718,0
4688,0
1270,0
41270,0
15463,0
53505,0
20602,0
69715,0
34879,0
40023,0
8693,0
36337,0
70204,0
42823,0
54737,0
56186,0
14328,0
42285,0
35471,0
20036,0
62979,0
538,0
30757,0
19298,0
71173,0
49186,0
38503,0
3172,0
62993,0
58950,0
33399,0
30267,0
7507,0
23804,0
28153,0
697,0
35050,0
18781,0
56020,0
14635,0
24870,0
12430,0
34273,0
59573,0
63944,0
14879,0
46445,0
47808,0
21486,0
70860,0
2221,0
54241,0
70893,0
43324,0
32073,0
4173,0
64426,0
1368,0
5969,0
21401,0
62579,0
53867,0
68771,0
28207,0
66186,0
40942,0
43328,0
57948,0
12713,0
20197,0
42964,0
45261,0
34688,0
53958,0
20893,0
38455,0
53565,0
55949,0
61273,0
59811,0
42793,0
30475,0
48872,0
10888,0
36174,0
70647,0
48710,0
50648,0
27041,0
18501,0
67526,0
55651,0
50913,0
45623,0
63217,0
45692,0
51140,0
35418,0
45879,0
71357,0
18027,0
25264,0
72500,0
21542,0
14283,0
22469,0
22768,0
56853,0
19754,0
42732,0
5641,0
7978,0
24862,0
30817,0
19313,0
63554,0
20678,0
22950,0
66576,0
7832,0
456,0
43077,0
45911,0
61793,0
19053,0
66384,0
22359,0
14252,0
54709,0
71853,0
54005,0
18848,0
61053,0
71431,0
23887,0
22045,0
39486,0
50404,0
66262,0
14758,0
62910,0
57407,0
34899,0
14483,0
52860,0
52283,0
11890,0
9835,0
44892,0
16273,0
63497,0
34498,0
46104,0
7191,0
71654,0
31949,0
16001,0
56432,0
29899,0
25085,0
52263,0
54986,0
13220,0
51015,0
61354,0
2024,0
15841,0
28157,0
9081,0
70018,0
65029,0
70420,0
49180,0
53942,0
34747,0
4026,0
7991,0
6806,0
49353,0
50929,0
40647,0
32266,0
18385,0
24728,0
5467,0
48809,0
24573,0
53902,0
71043,0
64665,0
3231,0
12624,0
54276,0
5320,0
964,0
49758,0
72088,0
3335,0
12131,0
22659,0
46106,0
49399,0
72405,0
29280,0
69123,0
49726,0
34617,0
58295,0
64321,0
25359,0
43115,0
43885,0
53648,0
30941,0
47652,0
53657,0
64543,0
48584,0
38801,0
41838,0
71875,0
53764,0
54765,0
24584,0
8931,0
47161,0
13962,0
26186,0
56475,0
14452,0
60574,0
48021,0
20502,0
54936,0
5280,0
64526,0
70856,0
36154,0
36113,0
53090,0
64427,0
46018,0
71212,0
16419,0
70961,0
52617,0
4451,0
1913,0
40873,0
19225,0
66120,0
16140,0
12720,0
4722,0
33057,0
18726,0
20914,0
42951,0
2473,0
6874,0
51710,0
3685,0
56443,0
2657,0
60543,0
13217,0
29100,0
66166,0
23120,0
15740,0
9978,0
20131,0
35915,0
19074,0
41880,0
70352,0
6036,0
35815,0
25375,0
62922,0
44392,0
60572,0
46545,0
32907,0
52404,0
6744,0
46753,0
8716,0
72271,0
3229,0
28740,0
27651,0
12248,0
54640,0
32957,0
2159,0
4992,0
43469,0
26416,0
43835,0
21531,0
45903,0
60859,0
66353,0
8394,0
8249,0
9830,0
47076,0
31483,0
19343,0
6946,0
18742,0
61072,0
1575,0
48513,0
17431,0
59957,0
41531,0
53514,0
48911,0
61712,0
19109,0
4884,0
20741,0
8930,0
31527,0
2505,0
12483,0
22604,0
21022,0
11023,0
5986,0
62890,0
23282,0
5837,0
48583,0
13417,0
8529,0
65694,0
44847,0
18086,0
62365,0
32292,0
53588,0
52992,0
57359,0
15638,0
49246,0
39165,0
59891,0
71410,0
8100,0
3915,0
30090,0
57188,0
25608,0
55547,0
37954,0
56235,0
66632,0
28916,0
18168,0
14580,0
19612,0
55379,0
44523,0
61893,0
62024,0
52109,0
48889,0
53927,0
39929,0
8896,0
52805,0
23012,0
28171,0
3799,0
65915,0
19554,0
2011,0
56498,0
8714,0
1045,0
33179,0
58124,0
25245,0
71657,0
30437,0
25237,0
23053,0
63528,0
21250,0
9685,0
46798,0
38871,0
10722,0
34492,0
49526,0
9359,0
58266,0
51929,0
63187,0
24357,0
46592,0
29607,0
38572,0
41389,0
37340,0
22111,0
72401,0
55456,0
51461,0
61572,0
39995,0
217,0
43320,0
15116,0
10879,0
72343,0
61730,0
35568,0
56916,0
2354,0
18956,0
8863,0
38002,0
29717,0
4092,0
43687,0
67509,0
38379,0
7084,0
42921,0
61630,0
25105,0
6740,0
40025,0
45495,0
72292,0
26729,0
55142,0
35041,0
72570,0
70753,0
12138,0
40627,0
28942,0
23972,0
48863,0
70653,0
57930,0
72809,0
38285,0
14962,0
36995,0
26476,0
71079,0
27612,0
54180,0
45591,0
27812,0
12761,0
45167,0
39285,0
68123,0
14428,0
47989,0
32619,0
50119,0
50088,0
17763,0
20297,0
24109,0
70597,0
17065,0
71265,0
47934,0
32337,0
66202,0
6919,0
32332,0
66484,0
21244,0
45811,0
1204,0
9525,0
25299,0
32051,0
28068,0
17354,0
63135,0
34315,0
374,0
60897,0
14874,0
29103,0
13761,0
47890,0
17963,0
12181,0
68952,0
32350,0
23865,0
64055,0
65524,0
34671,0
39592,0
44990,0
55943,0
61227,0
40614,0
35574,0
33384,0
6288,0
43278,0
43177,0
11667,0
44975,0
5732,0
10516,0
50341,0
31228,0
13665,0
38636,0
47862,0
58006,0
24786,0
48394,0
60831,0
64421,0
24092,0
56261,0
68880,0
15732,0
72664,0
36915,0
32839,0
24887,0
53206,0
31768,0
38278,0
43293,0
467,0
54754,0
65014,0
72739,0
72851,0
72688,0
22523,0
55961,0
57805,0
32568,0
39691,0
56838,0
30358,0
3088,0
7427,0
20993,0
19149,0
21552,0
34967,0
56242,0
25652,0
12803,0
49892,0
32426,0
33822,0
69041,0
1538,0
25918,0
5101,0
20680,0
15361,0
59666,0
21719,0
53264,0
50733,0
24303,0
62026,0
60873,0
23234,0
53015,0
28133,0
54018,0
33112,0
35339,0
71435,0
24800,0
35311,0
14390,0
42777,0
62858,0
69832,0
6244,0
48773,0
56458,0
70691,0
39137,0
20390,0
72380,0
43086,0
45599,0
66218,0
23658,0
18571,0
64505,0
63798,0
67365,0
64506,0
13609,0
14298,0
55500,0
64894,0
57246,0
39124,0
34947,0
6688,0
6018,0
2697,0
33673,0
21602,0
15165,0
51043,0
16698,0
56038,0
16017,0
19006,0
31754,0
18561,0
8855,0
2335,0
35213,0
32465,0
45130,0
60298,0
9981,0
44129,0
769,0
25252,0
49009,0
71800,0
39969,0
25119,0
26343,0
40285,0
50128,0
34381,0
53136,0
43919,0
3440,0
47245,0
33262,0
54403,0
13794,0
7245,0
59155,0
38810,0
27909,0
34785,0
3319,0
36752,0
16307,0
27051,0
57253,0
19919,0
15922,0
57559,0
1326,0
24687,0
61143,0
51504,0
42023,0
69205,0
22883,0
62728,0
11191,0
34455,0
38444,0
35725,0
15627,0
42894,0
17599,0
5420,0
31726,0
37716,0
68956,0
5512,0
13308,0
37323,0
55243,0
34798,0
69094,0
19133,0
26060,0
65417,0
39570,0
2400,0
4698,0
36093,0
22498,0
67314,0
68978,0
40743,0
46525,0
11716,0
69042,0
61598,0
42490,0
16891,0
8858,0
41804,0
25126,0
46665,0
59582,0
4823,0
10599,0
65025,0
48477,0
3387,0
38952,0
4381,0
13418,0
55717,0
22585,0
23447,0
42010,0
32750,0
50625,0
20300,0
33691,0
65446,0
25182,0
43488,0
58745,0
15238,0
63796,0
37782,0
14723,0
30430,0
10627,0
11472,0
21836,0
41789,0
44234,0
1597,0
13883,0
15714,0
72236,0
18448,0
39878,0
57089,0
11644,0
24172,0
55008,0
59702,0
22714,0
12432,0
62623,0
68050,0
17240,0
67252,0
6638,0
50674,0
53597,0
70333,0
70549,0
59652,0
36994,0
22185,0
63070,0
17882,0
41515,0
31425,0
7080,0
52806,0
15674,0
66480,0
56733,0
8135,0
10803,0
35344,0
59005,0
29561,0
36619,0
49649,0
60626,0
28924,0
23597,0
57555,0
41476,0
50315,0
39673,0
31570,0
33846,0
42064,0
1861,0
51417,0
31422,0
65753,0
60303,0
23179,0
18476,0
61397,0
53182,0
931,0
69849,0
16122,0
25000,0
58559,0
70588,0
50603,0
16996,0
70459,0
50696,0
47398,0
25933,0
43574,0
14980,0
65249,0
3510,0
28536,0
35015,0
25941,0
69617,0
38526,0
24376,0
68550,0
50728,0
11363,0
4500,0
6945,0
13942,0
13383,0
72673,0
66619,0
65991,0
43261,0
65957,0
20346,0
39007,0
835,0
10556,0
10233,0
54374,0
10629,0
48837,0
9355,0
53309,0
3419,0
55888,0
7168,0
47484,0
44843,0
59833,0
5473,0
28220,0
12229,0
16142,0
3684,0
54252,0
15130,0
37520,0
52146,0
16363,0
53999,0
52969,0
23613,0
30241,0
40134,0
16321,0
57430,0
20503,0
66583,0
12387,0
68920,0
22431,0
1938,0
7960,0
11075,0
46423,0
10770,0
55099,0
66733,0
13958,0
18293,0
21128,0
22586,0
13064,0
30033,0
36033,0
22821,0
67804,0
17884,0
13115,0
58310,0
12828,0
13429,0
59075,0
13595,0
9252,0
48672,0
529,0
27219,0
1166,0
37438,0
3363,0
15446,0
49998,0
25069,0
11669,0
9804,0
2686,0
68891,0
29384,0
49389,0
61955,0
19578,0
67716,0
63622,0
20447,0
28238,0
68871,0
22890,0
42,0
38674,0
61552,0
51786,0
18046,0
52382,0
66679,0
21468,0
88,0
34645,0
70811,0
25469,0
39998,0
70848,0
14552,0
66656,0
4212,0
68229,0
21240,0
60977,0
58385,0
5485,0
16799,0
889,0
68667,0
33753,0
71084,0
5083,0
66666,0
36254,0
39901,0
7975,0
17254,0
17502,0
1289,0
47604,0
35874,0
60666,0
17974,0
53832,0
14687,0
15991,0
22841,0
6187,0
59076,0
3957,0
54116,0
47404,0
44295,0
25153,0
25387,0
1060,0
48921,0
32175,0
55010,0
58130,0
57839,0
35286,0
44649,0
34731,0
26209,0
24166,0
52739,0
11452,0
22126,0
25739,0
67955,0
16772,0
6797,0
34170,0
63647,0
3256,0
15006,0
7197,0
51394,0
36160,0
61287,0
63550,0
13687,0
65101,0
34907,0
42543,0
38384,0
25027,0
40973,0
6995,0
57692,0
41981,0
21873,0
18465,0
63477,0
50725,0
36246,0
19145,0
22814,0
67644,0
26061,0
65399,0
40312,0
40121,0
67703,0
28831,0
62600,0
45607,0
50834,0
67731,0
28234,0
44887,0
36675,0
50265,0
54367,0
1697,0
27081,0
28596,0
29152,0
62431,0
37342,0
7156,0
47739,0
3057,0
62521,0
57552,0
38826,0
57949,0
36733,0
29931,0
45958,0
63748,0
40065,0
54731,0
4223,0
26499,0
36573,0
46288,0
3434,0
57788,0
34102,0
6097,0
70044,0
69208,0
72025,0
5263,0
44071,0
2968,0
61472,0
14385,0
67907,0
43029,0
6851,0
63301,0
58688,0
66148,0
39300,0
19793,0
46320,0
8323,0
38774,0
58875,0
13782,0
56930,0
13644,0
33095,0
68515,0
55807,0
44471,0
26149,0
20014,0
24681,0
28714,0
6569,0
58041,0
28885,0
24561,0
58724,0
24182,0
7005,0
11856,0
40851,0
44783,0
20344,0
826,0
45971,0
22873,0
65808,0
30576,0
50599,0
28407,0
32491,0
28403,0
43339,0
30849,0
67679,0
25363,0
15921,0
33061,0
34646,0
13396,0
69095,0
33317,0
40986,0
19264,0
13747,0
65639,0
38124,0
36931,0
30818,0
34103,0
30642,0
29646,0
66285,0
26489,0
65373,0
18598,0
69709,0
10067,0
7238,0
34004,0
26177,0
71034,0
12458,0
45250,0
37585,0
30742,0
24667,0
52979,0
30466,0
59432,0
33844,0
55205,0
33151,0
10023,0
16678,0
17635,0
53621,0
64871,0
35191,0
2940,0
26299,0
13930,0
27184,0
71982,0
41380,0
59074,0
38313,0
52445,0
13363,0
18083,0
49581,0
3725,0
69046,0
66047,0
37348,0
2871,0
23735,0
41415,0
42916,0
45054,0
34002,0
17040,0
71348,0
29329,0
35079,0
52972,0
38557,0
65232,0
69831,0
9937,0
10444,0
58220,0
5870,0
64916,0
61669,0
7172,0
68194,0
66980,0
46501,0
63683,0
26627,0
35924,0
30341,0
22930,0
66385,0
42579,0
15386,0
56449,0
53790,0
40356,0
58211,0
67323,0
30340,0
8740,0
17908,0
7358,0
65094,0
11572,0
66350,0
12642,0
17503,0
20781,0
3826,0
11214,0
42685,0
57846,0
66423,0
71745,0
72745,0
55796,0
34225,0
48373,0
5208,0
71872,0
22750,0
4742,0
36656,0
42741,0
36864,0
27101,0
41489,0
35916,0
51726,0
2397,0
49952,0
3586,0
44059,0
63563,0
3044,0
3295,0
14228,0
66390,0
44743,0
30106,0
25512,0
2659,0
20139,0
6728,0
25658,0
22345,0
41557,0
37571,0
11848,0
53643,0
23663,0
15287,0
4912,0
52026,0
56099,0
29473,0
30387,0
2401,0
44187,0
30203,0
60285,0
47829,0
72537,0
71502,0
7474,0
1448,0
11976,0
28982,0
61332,0
69406,0
32716,0
64322,0
42480,0
61275,0
32759,0
25604,0
15870,0
55198,0
15309,0
18847,0
19830,0
3999,0
68095,0
37194,0
22356,0
15352,0
1784,0
2308,0
51057,0
57119,0
41943,0
55829,0
41330,0
22550,0
57653,0
41021,0
70351,0
16553,0
53225,0
1880,0
62782,0
4511,0
21435,0
70632,0
25322,0
39480,0
36514,0
24744,0
59630,0
65270,0
23821,0
15745,0
66930,0
35764,0
43140,0
21136,0
59981,0
495,0
69599,0
19588,0
2102,0
57816,0
30972,0
39158,0
62143,0
41919,1
72712,0
41793,0
59269,0
57734,0
56280,0
37260,0
69101,0
57479,0
20981,0
9357,0
44152,0
59427,0
54703,0
17451,0
34276,0
63040,0
10499,0
46862,0
25582,0
68852,0
64136,0
52144,0
45507,0
34229,0
51298,0
31494,0
63226,0
17987,0
72028,0
70816,0
20959,0
7515,0
57955,0
68595,0
7086,0
35212,0
62209,0
15424,0
53913,0
70972,0
56326,0
39792,0
5336,0
4024,0
11135,0
64125,0
40306,0
61011,0
41749,0
69811,0
50303,0
32670,0
63434,0
4474,0
53297,0
67779,0
20219,0
30238,0
16968,0
28410,0
19487,0
33891,0
72520,0
33345,0
42757,0
23239,0
48563,0
61364,0
56613,0
25447,0
40958,0
56229,0
2556,0
25040,0
40777,0
68777,0
43886,0
24799,0
19033,0
41086,0
17876,0
62178,0
17510,0
21911,0
17219,0
72429,0
6977,0
26046,0
41692,0
32903,0
36683,0
24922,0
1585,0
46213,0
70952,0
12322,0
45359,0
45304,0
35816,0
19367,0
5507,0
17567,0
36148,0
63953,0
68119,0
52280,0
25857,0
17879,0
29711,0
3409,0
50034,0
46598,0
12639,0
44070,0
28634,0
43498,0
36670,0
27627,0
1290,0
19443,0
19011,0
23358,0
48817,0
1820,0
17154,0
31961,0
63441,0
70401,0
8040,0
37949,0
6839,0
15622,0
19688,0
10699,0
40914,0
7083,0
6747,0
59792,0
56598,0
41663,0
36479,0
38608,0
51943,0
69921,0
35151,0
38247,0
58943,0
61603,0
40997,0
62899,0
8356,0
64525,0
51558,0
20011,0
33111,0
30645,0
12009,0
8227,0
31920,0
8715,0
35743,0
12419,0
71582,0
4714,0
53041,0
19902,0
70442,0
42941,0
57975,0
47479,0
12883,0
49331,0
62330,0
27080,0
35444,0
21977,0
57880,0
60024,0
66616,0
47379,0
61594,0
43255,0
52773,0
6200,0
24032,0
41508,0
9260,0
23405,0
11234,0
51010,0
9246,0
14583,0
44376,0
24307,0
3331,0
31373,0
2539,0
15879,0
67251,0
124,0
27400,0
53959,0
51331,0
62237,0
15483,0
70732,0
4720,0
41068,0
19110,0
40416,0
33502,0
58503,0
60349,0
46758,0
32929,0
33157,0
54753,0
54170,0
63924,0
26118,0
21340,0
12607,0
21682,0
59113,0
22031,0
71023,0
44169,0
12694,0
66797,0
4822,0
13002,0
26578,0
3652,0
6499,0
36370,0
57187,0
41390,0
54958,0
50839,0
58388,0
53267,0
26562,0
28206,0
24843,0
67510,0
41328,0
37207,0
12887,0
31296,0
69054,0
50848,0
70284,0
20599,0
5907,0
65758,0
61681,0
16808,0
30467,0
23666,0
10314,0
63136,0
63904,0
14834,0
41450,0
37487,0
47138,0
4427,0
28573,0
36771,0
14511,0
35900,0
23200,0
17556,0
35620,0
20885,0
12013,0
44405,0
25407,0
24441,0
40340,0
66567,0
59601,0
5882,0
31471,0
23745,0
52344,0
62252,0
43565,0
59724,0
56070,0
36354,0
31739,0
56039,0
69004,0
53613,0
38743,0
20099,0
41587,0
68801,0
26261,0
33732,0
22428,0
69943,0
22068,0
14179,0
17581,0
32209,0
5906,0
51831,0
10431,0
23204,0
35958,0
9099,0
3480,0
32798,0
44632,0
29996,0
32531,0
68832,0
50988,0
35189,0
24380,0
51493,0
45345,0
67951,0
59231,0
8624,0
71397,0
24724,0
70963,0
45651,0
57766,0
1930,0
17794,0
52974,0
21177,0
53347,0
48223,0
2796,0
40302,0
65676,0
6258,0
39629,0
47713,0
38584,0
50942,0
38056,0
46636,0
51474,0
29319,0
53330,0
16525,0
49187,0
6260,0
6546,0
53810,0
69889,0
14309,0
63456,0
1619,0
27389,0
4552,0
2359,0
5489,0
37603,0
9776,0
43588,0
51443,0
40037,0
53735,0
63815,0
11977,0
53813,0
15330,0
3723,0
10501,0
54714,0
52799,0
66104,0
54278,0
55813,0
26050,0
5034,0
18629,0
12247,0
51701,0
63270,0
69428,0
25751,0
15934,0
37574,0
9600,0
15994,0
19988,0
3460,0
19790,0
37606,0
38758,0
31962,0
60400,0
30513,0
39443,0
39663,0
30769,0
36934,0
37392,0
55604,0
71665,0
8478,0
10917,0
7053,0
18965,0
53106,0
24141,0
67422,0
57538,0
33836,0
57906,0
37193,0
31388,0
30059,0
58694,0
29234,0
4733,0
55183,0
26010,0
62888,0
57084,0
39179,0
40906,0
61208,0
43994,0
68280,0
58265,0
50013,0
64360,0
14146,0
54468,0
65378,0
60923,0
35534,0
48325,0
47587,0
21840,0
33435,0
37070,0
13975,0
1478,0
22388,0
66022,0
54179,0
14117,0
55097,0
6204,0
9297,0
61237,0
27513,0
58524,0
57116,0
31535,0
40841,0
71767,0
19095,0
8389,0
8617,0
27237,0
34132,0
53439,0
23123,0
52016,0
34565,0
61445,0
26253,0
24319,0
15834,0
1492,0
46694,0
28100,0
27639,0
20777,0
37951,0
9328,0
13397,0
48317,0
430,0
36048,0
2201,0
72406,0
68840,0
25609,0
12804,0
34117,0
18401,0
8399,0
23751,0
46982,0
67122,0
23573,0
20020,0
46038,0
60409,0
3007,0
61530,0
45191,0
28298,0
42358,0
66424,0
29056,0
48526,0
59017,0
22287,0
70940,0
16739,0
28903,0
68002,0
54742,0
962,0
40012,0
3128,0
17097,0
30464,0
70414,0
65098,0
65584,0
37363,0
9891,0
11804,0
45687,0
3263,0
21196,0
65151,0
41871,0
64359,0
28951,0
11270,0
55936,0
68429,0
43570,0
36918,0
11648,0
53977,0
46410,0
60929,0
44570,0
4193,0
68925,0
28688,0
20604,0
26871,0
7142,0
817,0
12582,0
19639,0
13025,0
19703,0
28868,0
65540,0
56027,0
21276,0
71159,0
470,0
67128,0
47347,0
2861,0
35300,0
23278,0
22490,0
7024,0
50970,0
12525,0
23779,0
21285,0
64958,0
22638,0
15977,0
11469,0
63807,0
48999,0
19581,0
2252,0
69137,0
33359,0
37964,0
35183,0
35130,0
28423,0
32847,0
10656,0
7785,0
60591,0
53151,0
2565,0
7513,0
47605,0
43479,0
49147,0
38146,0
38644,0
5618,0
49626,0
31069,0
8862,0
25189,0
70876,0
11140,0
6571,0
17474,0
7205,0
37889,0
4905,0
2310,0
19495,0
46638,0
64105,0
27334,0
5603,0
24288,0
68726,0
59227,0
17436,0
40233,0
11972,0
15666,0
5776,0
18783,0
21223,0
37781,0
32926,0
70835,0
12608,0
3122,0
52536,0
14317,0
20933,0
34028,0
44517,0
68054,0
56952,0
13018,0
6056,0
55582,0
23744,0
51059,0
13192,0
23017,0
42839,0
36800,0
26238,0
57664,0
107,0
68874,0
3533,0
14203,0
31044,0
19167,0
13854,0
28582,0
63436,0
30215,0
69565,0
1523,0
18240,0
43245,0
8604,0
14338,0
70962,0
50299,0
17273,0
55594,0
58555,0
54333,0
63326,0
62612,0
36665,0
61093,0
49242,0
31028,0
59567,0
12805,0
15271,0
37991,0
51428,0
49825,0
22740,0
29557,0
31109,0
42073,0
28057,0
72309,0
17011,0
61541,0
18554,0
67945,0
33675,0
9006,0
53841,0
63266,0
46741,0
58987,0
32376,0
34021,0
25624,0
32527,0
24411,0
2574,0
67827,0
41394,0
40243,0
33535,0
29738,0
791,0
17339,0
72345,0
14562,0
54658,0
55372,0
5604,0
45374,0
71267,0
63230,0
48624,0
67497,0
33302,0
8150,0
41438,0
21514,0
37861,0
56040,0
6963,0
47223,0
15858,0
47067,0
59593,0
43030,0
70146,0
32374,0
70883,0
33161,0
8744,0
30810,0
17911,0
34810,0
63271,0
43465,0
11620,0
2646,0
1641,0
64046,0
806,0
53314,0
39755,0
48222,0
5847,0
2987,0
71554,0
50766,0
39073,0
24499,0
70370,0
27588,0
28318,0
55395,0
61991,0
34196,0
14696,0
46804,0
25521,0
65547,0
35884,0
47452,0
60374,0
49442,0
51277,0
10567,0
48506,0
69938,0
55634,0
14187,0
61741,0
50934,0
39903,0
23164,0
29827,0
17673,0
46030,0
4408,0
55195,0
48008,0
66291,0
60615,0
71110,0
3596,0
30374,0
56684,0
15735,0
47069,0
3393,0
30891,0
69859,0
63394,0
24457,0
35581,0
16667,0
65581,0
52420,0
2812,0
8367,0
7793,0
5885,0
26912,0
51090,0
20796,0
11463,0
71306,0
25419,0
28672,0
57225,0
62863,0
63324,0
5409,0
60670,0
52866,0
3198,0
741,0
4136,0
24114,0
50480,0
71101,0
55671,0
69919,0
37226,0
29750,0
49274,0
64749,0
28508,0
13792,0
26979,0
23896,0
20774,0
49472,0
50790,0
69049,0
14985,0
24715,0
32053,0
28636,0
61461,0
29576,0
10827,0
71942,0
7963,0
6642,0
69125,0
39357,0
38843,0
70817,0
69888,0
7657,0
53145,0
4772,0
36308,0
9759,0
33274,0
49707,0
56898,0
40595,0
46857,0
35712,0
40365,0
72159,0
59057,0
37419,0
39560,0
17646,0
18156,0
35491,0
58219,0
41018,0
12191,0
27686,0
63968,0
28359,0
45562,0
17576,0
64300,0
70639,0
5702,0
19008,0
71482,0
28755,0
2845,0
49994,0
63440,0
59266,0
18471,0
6456,0
70093,0
23805,0
64584,0
46350,0
41406,0
49609,0
66682,0
41590,0
71233,0
46009,0
71889,0
64965,0
2006,0
23384,0
21131,0
56148,0
14524,0
36579,0
46918,0
43858,0
18521,0
58675,0
48550,0
47339,0
35701,0
14235,0
28090,0
44277,0
34987,0
53594,0
60401,0
35029,0
22218,0
11362,0
46676,0
68227,0
48177,0
57013,0
3779,0
71049,0
933,0
67376,0
10611,0
60943,0
62288,0
60283,0
19333,0
34228,0
25554,0
49858,0
67776,0
22506,0
47409,0
71005,0
13126,0
15142,0
66770,0
48847,0
4571,0
58590,0
55861,0
33947,0
8991,0
55662,0
5206,0
16294,0
52074,0
26827,0
20816,0
50776,0
40072,0
24468,0
26444,0
40687,0
37729,0
56997,0
7072,0
270,0
15155,0
14610,0
5941,0
28336,0
48534,0
13050,0
1882,0
62804,0
69130,0
53672,0
34425,0
63643,0
53199,0
61791,0
62667,0
28676,0
23833,0
51692,0
66852,0
71546,0
66539,0
7854,0
5213,0
35059,0
11736,0
70478,0
45992,0
59844,0
16514,0
70016,0
30486,0
15124,0
4363,0
59802,0
5091,0
26903,0
43051,0
30777,0
38407,0
11164,0
41629,0
9876,0
44977,0
69411,0
38122,0
7836,0
66109,0
12670,0
202,0
17089,0
34639,0
23904,0
71527,0
2255,0
70555,0
61496,0
23826,0
56644,0
41316,0
35097,0
49101,0
64927,0
65297,0
6522,0
11054,0
33589,0
34552,0
59776,0
56989,0
65770,0
21210,0
72619,0
36824,0
39111,0
71892,0
29735,0
47665,0
43440,0
31438,0
50655,0
4200,0
26843,0
57611,0
40131,0
59288,0
41633,0
39790,0
26088,0
2881,0
60243,0
44983,0
53628,0
58663,0
44922,0
13654,0
32615,0
41098,0
45150,0
8153,0
68120,0
30624,0
13679,0
63157,0
18003,0
3114,0
4589,0
1672,0
9296,0
17226,0
46212,0
70722,0
31280,0
29601,0
39941,0
43111,0
42845,0
3901,0
43001,0
63994,0
42434,0
13063,0
39330,0
2088,0
61476,0
56892,0
71950,0
16740,0
69,0
69136,0
30019,0
44606,0
26071,0
61709,0
60458,0
38256,0
5210,0
28782,0
34197,0
42636,0
17108,0
66774,0
12967,0
54136,0
26660,0
13234,0
22315,0
10555,0
69453,0
3080,0
9757,0
44282,0
10652,0
30298,0
72362,0
36222,0
71102,0
11385,0
14808,0
62359,0
832,0
54316,0
67885,0
28667,0
33939,0
34211,0
57271,0
10851,0
59910,0
5624,0
63027,0
49652,0
72006,0
53218,0
59095,0
59316,0
25710,0
24938,0
30623,0
66607,0
50,0
24077,0
4717,0
53589,0
2631,0
46532,0
8457,0
17030,0
21433,0
31687,0
19761,0
13037,0
14193,0
12818,0
18125,0
22493,0
9953,0
24948,0
39885,0
60365,0
5792,0
39061,0
27646,0
29543,0
65286,0
8280,0
71687,0
50835,0
58414,0
55376,0
20641,0
43020,0
71211,0
5312,0
63424,0
65212,0
28092,0
13946,0
43452,0
30761,0
19727,0
60294,0
18708,0
37338,0
12165,0
46214,0
70177,0
51383,0
18991,0
13601,0
15168,0
8177,0
64309,0
4108,0
16050,0
60610,0
60348,0
60788,0
45836,0
6934,0
18371,0
72508,0
10685,0
57205,0
47386,0
16217,0
16346,0
58151,0
20328,0
50588,0
10863,0
38482,0
56428,0
63273,0
59896,0
23265,0
21776,0
72226,0
18316,0
14443,0
61846,0
69945,0
10735,0
5491,0
30356,0
17592,0
50242,0
33524,0
46199,0
64031,0
32592,0
70750,0
29127,0
57820,0
4685,0
67795,0
19532,0
27776,0
62417,0
67311,0
46550,0
23712,0
67166,0
61975,0
39818,0
6363,0
7881,0
30808,0
17810,0
32233,0
554,0
51763,0
10447,0
15384,0
29867,0
9838,0
58232,0
68341,0
33922,0
51048,0
61027,0
46950,0
62216,0
45603,0
33985,0
64280,0
19310,0
51137,0
32179,0
60686,0
31239,0
45784,0
11768,0
9232,0
17286,0
71418,0
52231,0
24243,0
57073,0
67021,0
21088,0
46040,0
72176,0
21273,0
55405,0
48269,0
12262,0
21137,0
31764,0
11204,0
43531,0
17112,0
49880,0
25466,0
25467,0
4759,0
65052,0
45690,0
64100,0
32136,0
27038,0
66179,0
45479,0
26642,0
17831,0
19169,0
41832,0
58994,0
38882,0
57877,0
38546,0
7360,0
59234,0
12984,0
33840,0
35496,0
30540,0
52202,0
29993,0
53485,0
40501,0
62195,0
46816,0
48744,0
45705,0
49725,0
37535,0
20863,0
72145,0
56773,0
71014,0
60018,0
24549,0
45953,0
22545,0
19807,0
3214,0
3991,0
5483,0
63124,0
69164,0
1220,0
49259,0
66846,0
8021,0
29124,0
47389,0
1535,0
37069,0
17568,0
14106,0
3068,0
10490,0
12660,0
66956,0
46789,0
68274,0
55383,0
26564,0
58117,0
65759,0
65785,0
56640,0
16720,0
44734,0
65018,0
24206,0
41231,0
70611,0
37272,0
32393,0
1798,0
62654,0
69433,0
45298,0
69624,0
68716,0
8314,0
35947,0
42049,0
65148,0
12654,0
38879,0
6800,0
62476,0
55118,0
18533,0
6552,0
33014,0
32925,0
58081,0
9794,0
26003,0
1639,0
46413,0
49618,0
71970,0
47853,0
21694,0
71400,0
45106,0
60866,0
54559,0
16604,0
67670,0
54978,0
11495,0
32061,0
22366,0
63823,0
53599,0
45598,0
58369,0
63012,0
26464,0
29498,0
23303,0
10194,0
52846,0
72679,0
14661,0
55873,0
4662,0
17328,0
42006,0
23503,0
19125,0
61148,0
58467,0
36917,0
22311,0
44046,0
9411,0
56244,0
39819,0
26420,0
33629,0
41067,0
69378,0
52851,0
5783,0
54094,0
21755,0
64183,0
39403,0
5667,0
69463,0
56120,0
13463,0
41926,0
30390,0
35863,0
34868,0
45377,0
26747,0
1058,0
23145,0
19541,0
58995,0
60910,0
72681,0
37621,0
54638,0
41410,0
32079,0
8324,0
34142,0
1195,0
17109,0
8480,0
17867,0
54209,0
63573,0
67978,0
68869,0
12288,0
70829,0
5962,0
54357,0
42199,0
62420,0
40937,0
31561,0
59097,0
4150,0
42820,0
25360,0
34193,0
39950,0
7883,0
43783,0
14793,0
360,0
12779,0
29562,0
22204,0
70290,0
56633,0
60398,0
9947,0
47142,0
63378,0
26793,0
51095,0
15700,0
29603,0
14482,0
2586,0
7646,0
60302,0
1980,0
60362,0
37558,0
34442,0
27210,0
23737,0
40017,0
12428,0
151,0
10904,0
46701,0
42155,0
688,0
49069,0
24752,0
65977,0
28718,0
22421,0
54587,0
49854,0
26980,0
62631,0
17392,0
40558,0
33720,0
43125,0
31711,0
17811,0
47135,0
44730,0
8868,0
6674,0
27292,0
53060,0
40111,0
10750,0
23147,0
59154,0
34327,0
3649,0
16680,0
9237,0
61295,0
19224,0
2272,0
30295,0
26740,0
68855,0
26123,0
60232,0
13035,0
45720,0
7708,0
57352,0
25493,0
9047,0
57988,0
63101,0
65821,0
58137,0
41658,0
14682,0
57014,0
11609,0
26840,0
53393,0
20970,0
28079,0
58832,0
68666,0
61449,0
47325,0
56933,0
64806,0
10343,0
57913,0
66693,0
40659,0
60798,0
34699,0
69606,0
29417,0
52408,0
44770,0
47021,0
59286,0
69485,0
54509,0
54213,0
343,0
45523,0
46899,0
44480,0
52184,0
48860,0
3546,0
71106,0
56392,0
61268,0
48902,0
57997,0
16196,0
65725,0
15805,0
30965,0
52230,0
64096,0
56379,0
30392,0
45558,0
30135,0
12531,0
51974,0
67060,0
32591,0
35745,0
31491,0
43769,0
16814,0
55989,0
23602,0
11821,0
54627,0
24063,0
57163,0
49683,0
68802,0
4761,0
70888,0
50902,0
40316,0
46542,0
2724,0
8113,0
6336,0
44767,0
9392,0
48930,0
48701,0
47666,0
68868,0
67493,0
48171,0
69129,0
31975,0
22819,0
39924,0
6123,0
53940,0
72267,0
14215,0
59921,0
33643,0
18621,0
47715,0
34817,0
64792,0
66141,0
25120,0
60390,0
20509,0
13649,0
64780,0
9942,0
33581,0
66641,0
51984,0
63086,0
69880,0
27429,0
23668,0
12580,0
10801,0
22839,0
1467,0
55369,0
62253,0
6074,0
27250,0
51728,0
30366,0
65971,0
11805,0
68000,0
35592,0
64571,0
64219,0
34337,0
63240,0
31634,0
68850,0
46690,0
24391,0
12847,0
68466,0
66599,0
59329,0
41107,0
1634,0
72868,0
14375,0
55093,0
27871,0
30834,0
21406,0
36328,0
51455,0
48819,0
52750,0
42742,0
47839,0
51463,0
52194,0
67362,0
31073,0
18780,0
3453,0
43572,0
19604,0
42640,0
69156,0
55109,0
20206,0
46657,0
46618,0
816,0
31466,0
44406,0
52518,0
49443,0
66942,0
18489,0
69207,0
71755,0
23901,0
55911,0
38193,0
55210,0
51213,0
63053,0
42776,0
62724,0
57473,0
63726,0
45129,0
48803,0
49522,0
61001,0
33638,0
65498,0
64618,0
32307,0
59365,0
14301,0
20183,0
33392,0
17475,0
66107,0
71190,0
67588,0
4606,0
21550,0
61292,0
32873,0
38773,0
70065,0
3505,0
45234,0
39861,0
24205,0
377,0
71402,0
36324,0
65355,0
43955,0
21191,0
6030,0
4854,0
61458,0
64070,0
43374,0
69149,0
1381,0
43217,0
52170,0
54078,0
13157,0
41167,0
17471,0
62472,0
56363,0
62130,0
33882,0
64689,0
14322,0
69457,0
11289,0
14995,0
42496,0
408,0
72755,0
55647,0
10031,0
62774,0
14251,0
262,0
44854,0
35208,0
30291,0
71788,0
45885,0
32026,0
16688,0
46531,0
71746,0
55806,0
63820,0
66149,0
29310,0
69961,0
39640,0
15337,0
13468,0
64082,0
9436,0
60064,0
45242,0
1895,0
61016,0
25576,0
53856,0
265,0
23463,0
22471,0
51242,0
46196,0
25552,0
65233,0
22249,0
66259,0
37014,0
4111,0
19980,0
19395,0
44803,0
11034,0
11511,0
69749,0
28921,0
47789,0
32011,0
64487,0
46817,0
22571,0
45291,0
35396,0
37801,0
33199,0
18363,0
24322,0
14060,0
28923,0
47469,0
27891,0
923,0
33649,0
52423,0
65871,0
67952,0
23490,0
72155,0
1540,0
60480,0
57947,0
33812,0
57672,0
69839,0
34481,0
7951,0
59450,0
72827,0
71885,0
20218,0
58013,0
63009,0
55365,0
32367,0
56571,0
366,0
34040,0
38194,0
16950,0
52703,0
31917,0
3301,0
32988,0
62091,0
56249,0
21463,0
52222,0
26082,0
36763,0
30485,0
4429,0
16455,0
62339,0
49286,0
53155,0
64251,0
35214,0
64279,0
37397,0
63083,0
8670,0
39155,0
24980,0
36466,0
29812,0
23750,0
42292,0
7903,0
18068,0
14974,0
67029,0
1432,0
39728,0
28226,0
41670,0
40994,0
16786,0
15078,0
5371,0
17781,0
32647,0
30901,0
6225,0
68514,0
72110,0
52022,0
72837,0
52055,0
58468,0
31588,0
50426,0
54922,0
47772,0
49675,0
21452,0
5110,0
68384,0
7089,0
65299,0
47983,0
70543,0
49692,0
65819,0
20986,0
42395,0
16326,0
628,0
23855,0
63399,0
49882,0
24001,0
37126,0
34330,0
21011,0
61866,0
5416,0
203,0
8911,0
70667,0
28597,0
6457,0
70831,0
11121,0
40437,0
38003,0
64866,0
4802,0
48577,0
23982,0
29517,0
3925,0
65368,0
40964,0
39880,0
29817,0
52401,0
38218,0
7655,0
53749,0
27559,0
59091,0
43050,0
46458,0
13096,0
49050,0
49905,0
46087,0
15747,0
46396,0
20270,0
54314,0
70205,0
18973,0
28373,0
54651,0
31459,0
30309,0
4902,0
54336,0
10338,0
13368,0
55670,0
4043,0
18540,0
56777,0
41678,0
2290,0
21675,0
44021,0
2572,0
14975,0
6633,0
95,0
70880,0
19097,0
21106,0
4549,0
506,0
3316,0
41344,0
53904,0
27245,0
56701,0
35988,0
66649,0
34253,0
22089,0
42356,0
55619,0
17595,0
47091,0
19425,0
62984,0
52657,0
32044,0
9069,0
58797,0
53611,0
32410,0
5341,0
60867,0
7264,0
23090,0
7562,0
62248,0
23915,0
52678,0
25059,0
8078,0
34601,0
72780,0
32854,0
35309,0
62039,0
24864,0
5949,0
2747,0
42122,0
55737,0
28976,0
53949,0
69233,0
68531,0
52065,0
31875,0
31959,0
19921,0
41327,0
39520,0
51714,0
6314,0
46993,0
17862,0
15998,0
7661,0
64328,0
62242,0
31252,0
50287,0
37794,0
51051,0
61620,0
8874,0
43224,0
7380,0
66753,0
25713,0
14291,0
26529,0
36411,0
6161,0
22294,0
62558,0
30155,0
4259,0
37700,0
67985,0
36058,0
53671,0
69537,0
41427,0
60894,0
21080,0
40129,0
70185,0
9521,0
48219,0
61328,0
22167,0
24810,0
60530,0
5561,0
29620,0
10231,0
65665,0
7219,0
64711,0
39294,0
47855,0
7074,0
70616,0
24064,0
67517,0
42918,0
67395,0
7468,0
59710,0
58472,0
62220,0
9097,0
12230,0
14532,0
69765,0
16236,0
37714,0
50633,0
55155,0
25539,0
46754,0
14817,0
8392,0
67154,0
61151,0
25769,0
36891,0
24137,0
836,0
49977,0
53025,0
48460,0
12800,0
10625,0
62316,0
72526,0
62889,0
52311,0
4446,0
33246,0
28795,0
41301,0
37212,0
36232,0
52717,0
62907,0
58238,0
32480,0
27341,0
47417,0
7100,0
5531,0
47436,0
9594,0
49049,0
26316,0
26735,0
35302,0
39982,0
32969,0
3975,0
54390,0
2254,0
61373,0
40510,0
4997,0
60871,0
24389,0
13584,0
45550,0
54523,0
38365,0
67812,0
49867,0
23058,0
9177,0
64019,0
2438,0
59219,0
21864,0
6242,0
59117,0
53965,0
17538,0
7607,0
3511,0
5828,0
30225,0
13457,0
29880,0
63211,0
60617,0
6816,0
69479,0
6317,0
70169,0
5066,0
62885,0
27521,0
23112,0
54642,0
17661,0
27975,0
65145,0
48637,0
65057,0
71093,0
46589,0
28995,0
19594,0
8743,0
27471,0
32265,0
55189,0
44414,0
71595,0
70240,0
19220,0
11986,0
34397,0
11502,0
20960,0
23381,0
6229,0
37356,0
71791,0
2790,0
7179,0
37637,0
59505,0
65993,0
6941,0
46747,0
13437,0
48594,0
10329,0
65289,0
7249,0
26750,0
64079,0
23313,0
18721,0
56488,0
46520,0
30288,0
19342,0
2897,0
60265,0
24413,0
14468,0
50011,0
36732,0
44318,0
56158,0
25645,0
45248,0
21710,0
38005,0
64502,0
9508,0
7102,0
30441,0
12485,0
21889,0
2859,0
55892,0
37952,0
55475,0
21933,0
57079,0
48662,0
61112,0
69335,0
34867,0
48961,0
38366,0
1443,0
43828,0
35970,0
3344,0
30730,0
25794,0
5372,0
58361,0
3046,0
24379,0
31117,0
8097,0
54605,0
60118,0
18159,0
60008,0
11597,0
11260,0
36228,0
14415,0
51420,0
52386,0
5700,0
49651,0
43309,0
26570,0
70767,0
44003,0
29345,0
5540,0
8568,0
63809,0
32072,0
14141,0
53037,0
17404,0
24685,0
32031,0
69342,0
62525,0
35099,0
36395,0
10458,0
33075,0
5011,0
5839,0
60770,0
62138,0
4382,0
50971,0
677,0
69591,0
154,0
43097,0
52301,0
27475,0
25948,0
8185,0
61774,0
1002,0
16178,0
36256,0
31418,0
51341,0
44692,0
37821,0
5539,0
12949,0
34439,0
5377,0
63848,0
4184,0
42249,0
3351,0
55485,0
20318,0
1398,0
29322,0
5093,0
44205,0
41695,0
54055,0
18912,0
50797,0
30600,0
7670,0
15407,0
45954,0
1874,0
27615,0
55897,0
28570,0
52809,0
33336,0
58719,0
45449,0
25808,0
48000,0
2375,0
21505,0
15308,0
27551,0
70324,0
13315,0
69915,0
25871,0
49779,0
9030,0
50990,0
51855,0
29840,0
39245,0
6473,0
23102,0
65649,0
52748,0
61155,0
37601,0
61195,0
4094,0
62227,0
39089,0
837,0
3435,0
61159,0
63225,0
49868,0
12250,0
12647,0
4486,0
33121,0
8561,0
40561,0
21604,0
55122,0
66628,0
33309,0
43536,0
62943,0
29984,0
56342,0
67873,0
11526,0
70072,0
69280,0
2809,0
54320,0
14878,0
50649,0
16914,0
14087,0
72830,0
11997,0
49343,0
60787,0
42527,0
21771,0
58486,0
14888,0
28756,0
58343,0
45147,0
30548,0
28558,0
14845,0
65149,0
4075,0
47733,0
72166,0
48059,0
67477,0
38654,0
16364,0
22978,0
48358,0
15898,0
55129,0
31980,0
13334,0
16588,0
46801,0
27378,0
17940,0
54663,0
23144,0
69791,0
56315,0
70620,0
21882,0
1402,0
12505,0
20177,0
10816,0
13986,0
1670,0
64663,0
44016,0
37922,0
39074,0
58233,0
22527,0
14001,0
52129,0
46076,0
64386,0
65235,0
30639,0
17421,0
28354,0
35630,0
71867,0
38138,0
36671,0
32241,0
36098,0
24086,0
52069,0
70471,0
51860,0
19869,0
11185,0
64054,0
15997,0
28737,0
10695,0
59939,0
21780,0
41843,0
36208,0
57999,0
56203,0
59301,0
22972,0
49411,0
70464,0
50148,0
37046,0
6622,0
19039,0
71562,0
17026,0
5696,0
58593,0
11633,0
15715,0
66657,0
29057,0
43972,0
69868,0
13364,0
32799,0
62056,0
44030,0
70212,0
13047,0
49372,0
42090,0
72704,0
36560,0
49835,0
68088,0
49769,0
9615,0
12326,0
53169,0
1512,0
6221,0
69361,0
71689,0
13476,0
12851,0
11151,0
15257,0
18769,0
64491,0
25133,0
20723,0
28615,0
70317,0
62164,0
21510,0
31723,0
23917,0
9084,0
46277,0
33192,0
31967,0
45695,0
20949,0
11963,0
60694,0
43438,0
51882,0
18406,0
5567,0
26915,0
54544,0
66305,0
39369,0
23202,0
70920,0
70553,0
50621,0
35818,0
55923,0
22448,0
56647,0
4708,0
15058,0
35371,0
56100,0
45816,0
18229,0
26047,0
59507,0
22992,0
57534,0
68454,0
23935,0
15588,0
36455,0
56439,0
59150,0
38691,0
49971,0
52014,0
22884,0
6142,0
68150,0
53134,0
28797,0
36867,0
58176,0
51867,0
3108,0
50392,0
59852,0
5643,0
54345,0
49664,0
56795,0
48366,0
59999,0
43800,0
49662,0
38154,0
8526,0
63482,0
8626,0
41899,0
50547,0
72120,0
49321,0
62358,0
72197,0
32485,0
37224,0
43578,0
28214,0
54859,0
22608,0
43470,0
34521,0
66016,0
40664,0
41505,0
36408,0
17877,0
16866,0
34663,0
16323,0
38443,0
37742,0
34610,0
55017,0
55916,0
64239,0
60077,0
70544,0
58920,0
26963,0
45305,0
27927,0
21220,0
25771,0
16838,0
52874,0
7918,0
57441,0
36565,0
62915,0
66322,0
44113,0
65175,0
50926,0
66185,0
33900,0
9367,0
70144,0
40199,0
547,0
51876,0
2887,0
56533,0
5385,0
8664,0
46826,0
69701,0
57489,0
27512,0
31534,0
15115,0
61745,0
14531,0
27320,0
44287,0
50836,0
49081,0
32339,0
61921,0
32792,0
59518,0
63849,0
16790,0
8941,0
68585,0
32212,0
58389,0
13403,0
14143,0
45107,0
30322,0
59960,0
56768,0
69492,0
51901,0
4394,0
57835,0
62371,0
10378,0
44313,0
44574,0
61720,0
4730,0
12289,0
15471,0
65812,0
52379,0
54394,0
39787,0
45957,0
27585,0
1149,0
58286,0
54251,0
61950,0
45328,0
1990,0
47406,0
47754,0
57844,0
5342,0
72654,0
28922,0
62955,0
49449,0
27324,0
11965,0
48938,0
18693,0
58570,0
50229,0
50867,0
31502,0
13924,0
20553,0
33319,0
30529,0
22452,0
57864,0
29355,0
26584,0
70908,0
59971,0
34768,0
26728,0
4420,0
40438,0
49856,0
37944,0
5726,0
48257,0
69625,0
58786,0
49504,0
51121,0
72802,0
20831,0
68028,0
30198,0
27450,0
42154,0
60772,0
56910,0
52585,0
44616,0
20118,0
130,0
35318,0
21257,0
43065,0
30562,0
44758,0
28324,0
22308,0
27482,0
38749,0
23251,0
8998,0
63417,0
4769,0
39713,0
1806,0
31870,0
68520,0
36307,0
52414,0
56238,0
26310,0
32965,0
64946,0
43960,0
8370,0
10871,0
72723,0
52998,0
28650,0
24598,0
12700,0
48530,0
57868,0
60,0
33579,0
57082,0
66872,0
9824,0
69121,0
14590,0
32944,0
62702,0
39101,0
51001,0
6930,0
5861,0
3635,0
25575,0
50360,0
55879,0
9704,0
36184,0
44017,0
2202,0
65851,0
33118,0
40257,0
32710,0
69029,0
72183,0
62806,0
52721,0
63049,0
42946,0
33449,0
37697,0
16309,0
9670,0
72932,0
10196,0
22373,0
32823,0
67367,0
53086,0
37396,0
41984,0
64724,0
31048,0
51971,0
36576,0
35303,0
33735,0
46559,0
32768,0
31573,0
60697,0
37851,0
47708,0
32693,0
48449,0
62099,0
17184,0
15594,0
16835,0
63632,0
480,0
29877,0
29582,0
26544,0
6681,0
69311,0
25602,0
59205,0
13351,0
54163,0
47533,0
36608,0
60406,0
68851,0
63567,0
3661,0
42377,0
49741,0
53851,0
65943,0
53871,0
4558,0
12501,0
39702,0
19281,0
56803,0
5482,0
15628,0
15853,0
68857,0
55702,0
71050,0
34892,0
48913,0
51621,0
64850,0
54619,0
1066,0
62208,0
70422,0
19722,0
64366,0
34961,0
62996,0
31449,0
10542,0
9234,0
51491,0
67629,0
13395,0
51449,0
29031,0
34290,0
30902,0
37302,0
59445,0
71915,0
60520,0
44109,0
45652,0
42544,0
9463,0
63289,0
21205,0
60167,0
59103,0
44576,0
10086,0
54812,0
17389,0
63304,0
57390,0
62243,0
70453,0
21584,0
66844,0
55677,0
26255,0
20235,0
32154,0
16232,0
45605,0
68600,0
57736,0
50906,0
33395,0
41177,0
43329,0
19063,0
30013,0
33197,0
490,0
23742,0
36977,0
25042,0
34507,0
71815,0
8699,0
26671,0
61657,0
33475,0
65177,0
45100,0
3395,0
57284,0
71833,0
7006,0
70051,0
71518,0
21801,0
36574,0
44327,0
62444,0
32906,0
69833,0
5024,0
11936,0
43766,0
70827,0
45706,0
8771,0
31970,0
71605,0
36924,0
57981,0
31951,0
54085,0
52429,0
1135,0
22022,0
71232,0
20283,0
11580,0
67285,0
67467,0
64572,0
51761,0
41477,0
25421,0
66968,0
48543,0
66515,0
44613,0
2078,0
13407,0
34755,0
25024,0
10587,0
60471,0
59358,0
59849,0
52980,0
11756,0
58851,0
50799,0
72942,0
44410,0
37870,0
58679,0
30664,0
5522,0
55955,0
50000,0
62952,0
33917,0
7418,0
3394,0
39065,0
10909,0
11196,0
41967,0
27845,0
55710,0
10356,0
55494,0
55668,0
30271,0
64119,0
45775,0
5073,0
54354,0
52670,0
71568,0
27950,0
5554,0
26549,0
28524,0
41798,0
36555,0
17756,0
4765,0
9850,0
35538,0
48040,0
27676,0
52728,0
11162,0
54295,0
32335,0
50999,0
26089,0
41302,0
12069,0
37853,0
64227,0
48758,0
32408,0
50482,0
24863,0
31680,0
55953,0
6906,0
41977,0
31716,0
58801,0
20788,0
15469,0
48845,0
47124,0
24224,0
55487,0
39942,0
40875,0
52635,0
59568,0
45474,0
55571,0
56031,0
47268,0
11492,0
54189,0
45368,0
50613,0
25924,0
26661,0
35056,0
50714,0
2016,0
49369,0
50945,0
34752,0
1570,0
70244,0
25801,0
41548,0
15838,0
46600,0
674,0
5660,0
8977,0
11751,0
46090,0
24709,0
12323,0
19482,0
42994,0
6150,0
19940,0
38010,0
21000,0
3488,0
59083,0
19653,0
6651,0
48679,0
14858,0
6333,0
6635,0
60066,0
36365,0
60849,0
33318,0
66133,0
21789,0
59498,0
48243,0
20765,0
68951,0
9660,0
71467,0
48703,0
64868,0
67566,0
5721,0
48793,0
20539,0
63195,0
69467,0
51890,0
29262,0
35166,0
58791,0
44524,0
11614,0
55615,0
58717,0
71380,0
2429,0
46340,0
54174,0
29766,0
24057,0
19970,0
37648,0
5250,0
12033,0
62433,0
10348,0
48379,0
59893,0
13969,0
64741,0
19649,0
65686,0
71354,0
71264,0
34011,0
65345,0
68244,0
65638,0
67862,0
49536,0
22172,0
13132,0
46364,0
26817,0
30505,0
35793,0
16425,0
72319,0
35487,0
18850,0
10914,0
61531,0
24814,0
68740,0
14740,0
56518,0
40014,0
41703,0
23871,0
62305,0
28880,0
66712,0
14054,0
58589,0
51747,0
52180,0
50512,0
62867,0
36334,0
44459,0
7004,0
64567,0
357,0
11188,0
31282,0
24857,0
42410,0
55304,0
7848,0
59884,0
55036,0
60259,0
39482,0
15055,0
41667,0
21305,0
7106,0
4991,0
9289,0
14284,0
50675,0
42592,0
63345,0
64891,0
45575,0
44359,0
54144,0
39573,0
32744,0
16157,0
14237,0
13444,0
56113,0
9512,0
66998,0
55461,0
42534,0
25816,0
46398,0
60927,0
36644,0
8975,0
11106,0
2355,0
49072,0
14646,0
7026,0
939,0
65260,0
25279,0
61492,0
36997,0
52395,0
47709,0
30657,0
62841,0
16062,0
55094,0
3633,0
36179,0
39500,0
49642,0
69995,0
23284,1
21411,0
3219,0
48676,0
66732,0
64313,0
5318,0
1709,0
33474,0
48067,0
65000,0
27074,0
49535,0
31776,0
12939,0
46674,0
28049,0
69804,0
45524,0
27901,0
41235,0
1371,0
11826,0
48933,0
13549,0
6259,0
48632,0
71787,0
15064,0
72438,0
639,0
30281,0
24649,0
5177,0
21148,0
2343,0
32921,0
19619,0
27763,0
48571,0
13984,0
4465,0
56789,0
13848,0
32234,0
22289,0
14168,0
20940,0
46335,0
29097,0
22879,0
26113,0
22241,0
3680,0
49936,0
1817,0
55506,0
30966,0
12814,0
32231,0
14534,0
57474,0
52801,0
65597,0
50353,0
43768,0
18553,0
15088,0
61337,0
54207,0
25644,0
14264,0
51211,0
14445,0
2546,0
34226,0
35380,0
40374,0
25814,0
33497,0
58871,0
55490,0
37531,0
58840,0
6389,0
11818,0
30826,0
63161,0
61371,0
13840,0
14153,0
45299,0
21454,0
20440,0
17418,0
53828,0
4448,0
24156,0
771,0
70836,0
958,0
50276,0
24138,0
44810,0
61569,0
3858,0
51813,0
46415,0
71912,0
38927,0
12675,0
17667,0
46788,0
51704,0
69473,0
38762,0
60917,0
11576,0
70754,0
12581,0
40698,0
42871,0
2622,0
54556,0
35857,0
1071,0
42227,0
18474,0
37947,0
2831,0
68780,0
10949,0
25166,0
37170,0
48579,0
28872,0
44304,0
15795,0
51411,0
21872,0
27367,0
66991,0
59787,0
19267,0
69775,0
55690,0
46342,0
15748,0
26599,0
54594,0
49819,0
68021,0
36233,0
19897,0
28198,0
34736,0
12592,0
34043,0
66914,0
41078,0
57620,0
28561,0
33229,0
14543,0
29950,0
4301,0
15033,0
13384,0
54057,0
38439,0
67145,0
53359,0
56285,0
52106,0
47302,0
33218,0
21941,0
52831,0
50237,0
31140,0
30851,0
487,0
3663,0
68472,0
2716,0
5905,0
57969,0
8944,0
16272,0
48143,0
17621,0
62429,0
48603,0
5651,0
29274,0
64143,0
33978,0
19151,0
27218,0
19262,0
29373,0
460,0
19385,0
5444,0
38282,0
57420,0
42218,0
21792,0
43292,0
25380,0
52871,0
72557,0
2813,0
71465,0
55883,0
47656,0
17960,0
47221,0
49241,0
29481,0
60234,0
6238,0
22704,0
47279,0
28475,0
56805,0
31081,0
50717,0
6213,0
18906,0
41718,0
61920,0
3541,0
46813,0
19734,0
53969,0
32513,0
26805,0
44135,0
58433,0
57121,0
65782,0
63954,0
64205,0
20671,0
14538,0
48032,0
63207,0
64478,0
60319,0
1728,0
15864,0
60217,0
67783,0
5894,0
19296,0
7176,0
34410,0
56257,0
56504,0
52307,0
27489,0
27826,0
5975,0
49040,0
55295,0
14680,0
64852,0
67819,0
61952,0
3960,0
72222,0
46731,0
33003,0
70190,0
4548,0
6362,0
2600,0
30327,0
56565,0
18638,0
23220,0
16220,0
45633,0
71078,0
21221,0
42002,0
13460,0
22042,0
37367,0
7342,0
20687,0
36172,0
17728,0
71523,0
19630,0
15500,0
12168,0
29052,0
37376,0
42663,0
23909,0
55548,0
21071,0
69525,0
50853,0
55441,0
3535,0
69377,0
71109,0
33314,0
5465,0
44876,0
9940,0
50778,0
26263,0
30750,0
9958,0
13966,0
49431,0
59778,0
60110,0
7575,0
63905,0
35192,0
18777,0
19052,0
66938,0
44096,0
29320,0
14905,0
21066,0
7117,0
16106,0
37927,0
54051,0
49798,0
24500,0
62957,0
31851,0
53242,0
53490,0
54835,0
18433,0
15567,0
2111,0
15068,0
65582,0
19646,0
60714,0
22141,0
35484,0
7107,0
147,0
14570,0
21540,0
56637,0
58400,0
72095,0
66813,0
45445,0
39491,0
2098,0
50262,0
53465,0
60272,0
37083,0
23331,0
5562,0
10593,0
19096,0
9679,0
3922,0
51847,0
1578,0
70266,0
68710,0
11926,0
28070,0
49832,0
44339,0
16375,0
68769,0
23382,0
9911,0
52455,0
21461,0
4483,0
7847,0
35897,0
59322,0
359,0
14172,0
36897,0
31715,0
34906,0
68602,0
3075,0
53542,0
60589,0
17922,0
25753,0
44159,0
29036,0
1476,0
57819,0
71633,0
39557,0
20507,0
36224,0
62038,0
6103,0
68808,0
33710,0
3369,0
26691,0
57826,0
12722,0
10620,0
27050,0
35912,0
61314,0
43344,0
21020,0
28957,0
28542,0
18796,0
14206,0
38580,0
28087,0
17959,0
5069,0
58777,0
66476,0
67072,0
22053,0
15529,0
7246,0
12572,0
6870,0
15716,0
3254,0
12666,0
31130,0
16679,0
25587,0
38302,0
64234,0
47643,0
59035,0
58243,0
35500,0
54896,0
65934,0
58551,0
30640,0
10414,0
56068,0
67473,0
29463,0
25303,0
52393,0
45900,0
55276,0
8505,0
65246,0
28915,0
42128,0
40369,0
18361,0
28505,0
41773,0
26624,0
11088,0
54992,0
67121,0
54038,0
2294,0
53829,0
43527,0
67987,0
6502,0
30048,0
60936,0
14188,0
6516,0
65248,0
9019,0
8558,0
31029,0
47635,0
23950,0
22432,0
46031,0
70228,0
45189,0
68174,0
36452,0
51887,0
65278,0
23116,0
34061,0
31623,0
62116,0
61507,0
824,0
39889,0
18990,0
34192,0
33168,0
38159,0
65678,0
56052,0
28111,0
9983,0
6406,0
44395,0
56924,0
13250,0
48673,0
40174,0
49194,0
25634,0
24050,0
57745,0
4695,0
48765,0
32736,0
10487,0
46564,0
4815,0
51951,0
19789,0
25532,0
14114,0
402,0
14788,0
20877,0
3892,0
19166,0
26643,0
51968,0
44923,0
57938,0
28452,0
23672,0
4445,0
62585,0
60073,0
33053,0
57003,0
33597,0
72665,0
3303,0
39210,0
9808,0
9716,0
24311,0
34279,0
56076,0
51074,0
41307,0
19083,0
26078,0
17429,0
33263,0
71386,0
42414,0
1401,0
19603,0
38777,0
5324,0
40443,0
51530,0
35656,0
14341,0
60745,0
41465,0
18036,0
26542,0
52143,0
44588,0
62278,0
59452,0
53945,0
5428,0
14660,0
42340,0
37627,0
12055,0
37625,0
25323,0
56171,0
68439,0
35801,0
52700,0
30812,0
60636,0
7110,0
10881,0
9421,0
15363,0
49602,0
4182,0
41275,0
56501,0
44602,0
72027,0
48462,0
19720,0
54076,0
46402,0
21926,0
33660,0
32228,0
43973,0
37297,0
47786,0
62649,0
32691,0
27398,0
46811,0
34606,0
36975,0
47688,0
28577,0
11126,0
69107,0
45463,0
53075,0
23994,0
11349,0
21306,0
16999,0
22227,0
56472,0
31520,0
1239,0
38723,0
34837,0
26795,0
27827,0
18089,0
33817,0
56794,0
20438,0
57572,0
6100,0
3,0
1768,0
39741,0
65008,0
52991,0
53895,0
805,0
7905,0
21805,0
50325,0
24489,0
12901,0
49394,0
46226,0
7691,0
67856,0
10855,0
11209,0
69090,0
33186,0
60002,0
42214,0
56577,0
6532,0
53481,0
28981,0
35153,0
39631,0
59349,0
36531,0
68625,0
51351,0
22128,0
38489,0
44317,0
38298,0
27272,0
72383,0
69077,0
746,0
6561,0
30507,0
11547,0
4561,0
51457,0
17212,0
51424,0
40376,0
4811,0
34239,0
27900,0
45969,0
44130,0
30793,0
6927,0
53693,0
66926,0
26870,0
66302,0
9505,0
58060,0
30336,0
66366,0
9343,0
18033,0
64182,0
33128,0
57279,0
25580,0
9049,0
7058,0
47352,0
31693,0
9809,0
29143,0
40481,0
69706,0
18648,0
52542,0
26457,0
50561,0
58668,0
55959,0
43466,0
53702,0
51711,0
71528,0
6347,0
72687,0
16612,0
11968,0
6884,0
3986,0
14441,0
6182,0
4240,0
70633,0
40142,0
29231,0
31323,0
21515,0
1078,0
2864,0
16901,0
57899,0
17306,0
26122,0
67609,0
48857,0
70871,0
41197,0
39803,0
41755,0
25880,0
25685,0
39943,0
6139,0
68672,0
53093,0
51175,0
7153,0
63140,0
63538,0
32953,0
11496,0
54011,0
23676,0
34345,0
17425,0
25111,0
8089,0
31810,0
58501,0
42559,0
4920,0
66132,0
3693,0
24198,0
35844,0
39335,0
9306,0
68746,0
10038,0
40632,0
68757,0
60814,0
7028,0
40068,0
69474,0
1755,0
69790,0
64455,0
28449,0
70700,0
58193,0
37982,0
13131,0
36319,0
10258,0
28005,0
58504,0
51642,0
41053,0
35792,0
24966,0
58025,0
43847,0
56390,0
29583,0
2737,0
63542,0
68548,0
61404,0
52758,0
45085,0
26035,0
37252,0
23814,0
53529,0
2303,0
54825,0
38073,0
19248,0
56172,0
5992,0
6008,0
44119,0
66086,0
41532,0
8515,0
54135,0
41457,0
48894,0
56765,0
64364,0
69350,0
16493,0
5281,0
3796,0
56107,0
49198,0
3157,0
39704,0
10242,0
44614,0
37461,0
5051,0
21157,0
45660,0
45439,0
54156,0
25936,0
43704,0
54023,0
13519,0
36243,0
25667,0
8902,0
23342,0
44771,0
61847,0
36613,0
23799,0
24883,0
15578,0
45335,0
30747,0
38625,0
31146,0
6241,0
2222,0
44832,0
62572,0
2191,0
18056,0
41443,0
11554,0
41751,0
61790,0
70216,0
22858,0
65963,0
66804,0
68048,0
9109,0
25691,0
36872,0
7651,0
13735,0
27220,0
52284,0
26225,0
20469,0
63763,0
20869,0
21893,0
19760,0
55627,0
4131,0
55930,0
61048,0
18019,0
696,0
35790,0
117,0
11346,0
38329,0
44617,0
23706,0
48821,0
26829,0
18942,0
54039,0
13205,0
49665,0
39192,0
24795,0
62074,0
65430,0
51669,0
31277,0
5135,0
36684,0
71965,0
17042,0
71513,0
51380,0
18889,0
23070,0
72623,0
9826,0
7269,0
38582,0
34701,0
41778,0
13431,0
4224,0
1251,0
41491,0
32940,0
3142,0
49607,0
36809,0
67858,0
45616,0
46513,0
67239,0
29571,0
36938,0
58181,0
21600,0
64776,0
27808,0
17662,0
5822,0
59770,0
32901,0
26407,0
42398,0
32025,0
49981,0
25711,0
54832,0
50254,0
38818,0
38055,0
24154,0
32037,0
34092,0
27694,0
55519,0
600,0
69058,0
33143,0
35101,0
43668,0
34166,0
12746,0
55801,0
344,0
71059,0
64706,0
42134,0
47931,0
33129,0
8818,0
47580,0
6216,0
34514,0
59589,0
50850,0
28729,0
44291,0
37310,0
9969,0
15783,0
51972,0
67312,0
33521,0
12979,0
23162,0
61034,0
30993,0
39075,0
5583,0
33819,0
13564,0
4371,0
38686,0
70249,0
34313,0
37216,0
798,0
6014,0
56161,0
36399,0
35454,0
16210,0
55503,0
57318,0
22920,0
51204,0
36203,0
69595,0
50689,0
28834,0
67852,0
57889,0
47077,0
36651,0
14097,0
20479,0
37842,0
30122,0
70327,0
18226,0
46991,0
50223,0
7504,0
61203,0
38458,0
21001,0
55834,0
71012,0
35211,0
68212,0
72668,0
18488,0
19840,0
31329,0
38740,0
41335,0
64560,0
20647,0
24858,0
32553,0
45201,0
10376,0
33630,0
67525,0
40403,0
57511,0
51595,0
38235,0
64915,0
11501,0
254,0
7300,0
29719,0
26819,0
59763,0
19832,0
6738,0
10570,0
69691,0
60940,0
1052,0
37916,0
11288,0
11949,0
61145,0
31358,0
56650,0
2031,0
54548,0
11181,0
48751,0
36756,0
28351,0
63197,0
31640,0
5327,0
69788,0
52727,0
71890,0
21485,0
68886,0
71074,0
11036,0
47008,0
9157,0
38295,0
48504,0
8833,0
36094,0
71286,0
17799,0
54770,0
11079,0
19116,0
55658,0
9490,0
25450,0
68949,0
4016,0
31467,0
54325,0
41290,0
68584,0
71994,0
59879,0
2771,0
6487,0
17845,0
48882,0
16312,0
19241,0
11956,0
41035,0
16118,0
17146,0
2977,0
48422,0
1084,0
46376,0
66826,0
41645,0
1530,0
54302,0
14394,0
30847,0
5062,0
389,0
22807,0
22242,0
48270,0
34804,0
56063,0
64594,0
34505,0
61382,0
46472,0
70235,0
32213,0
58628,0
4051,0
55206,0
24797,0
28665,0
32875,0
52168,0
35945,0
61104,0
30949,0
40347,0
43314,0
48768,0
11955,0
51284,0
3412,0
60647,0
63525,0
68004,0
52705,0
25785,0
39070,0
6151,0
13937,0
69495,0
9522,0
37765,0
69738,0
25091,0
70569,0
63170,0
66527,0
10063,0
33626,0
9188,0
48617,0
38997,0
11057,0
37643,0
7236,0
42512,0
35791,0
11813,0
11565,0
11389,0
48343,0
30583,0
7220,0
55091,0
64804,0
21150,0
33074,0
68744,0
44787,0
2610,0
62850,0
45074,0
226,0
7888,0
8336,0
59012,0
48951,0
10413,0
53324,0
70595,0
54965,0
53403,0
11343,0
43122,0
72365,0
45144,0
7108,0
8621,0
61324,0
46147,0
39635,0
38945,0
39272,0
2469,0
34531,0
8306,0
67867,0
52780,0
25696,0
62578,0
54141,0
47374,0
52493,0
23486,0
69819,0
54845,0
43515,0
60722,0
4085,0
65332,0
39117,0
20526,0
27069,0
21428,0
57244,0
57952,0
61095,0
30406,0
64469,0
23191,0
48715,0
45420,0
3422,0
51603,0
29434,0
46947,0
24558,0
56580,0
60922,0
44374,0
9851,0
31997,0
14412,0
31057,0
33145,0
3299,0
5386,0
7244,0
216,0
9499,0
21620,0
9092,0
19000,0
6222,0
9740,0
51415,0
58597,0
52339,0
26701,0
52012,0
69796,0
16014,0
8782,0
71041,0
57117,0
47963,0
22847,0
16641,0
31412,0
9324,0
17315,0
4659,0
64348,0
22499,0
46568,0
11430,0
8071,0
10317,0
29096,0
67557,0
32869,0
16964,0
68343,0
30813,0
30262,0
50188,0
31761,0
58275,0
71033,0
61984,0
25369,0
14486,0
10224,0
71922,0
62072,0
34171,0
49533,0
13983,0
6496,0
20243,0
5766,0
10771,0
56375,0
37783,0
29566,0
7594,0
72448,0
60084,0
3628,0
31747,0
29051,0
50881,0
40198,0
26567,0
18362,0
30483,0
60800,0
63119,0
2727,0
35719,0
42497,0
18596,0
3787,0
46613,0
68158,0
180,0
68684,0
61905,0
68435,0
68564,0
41082,0
21866,0
23454,0
28805,0
54150,0
62643,0
47047,0
3023,0
1713,0
9491,0
33636,0
53761,0
37975,0
1885,0
71540,0
6038,0
60414,0
1612,0
46537,0
37496,0
72615,0
31446,0
16664,0
10978,0
34673,0
54591,0
26392,0
55131,0
10858,0
16673,0
54396,0
35952,0
68947,0
63646,0
49671,0
46565,0
48168,0
28329,0
24104,0
16295,0
11032,0
45458,0
66785,0
40151,0
44913,0
11798,0
62239,0
18989,0
58676,0
29997,0
17009,0
52741,0
59697,0
4550,0
8546,0
65806,0
6547,0
29522,0
38191,0
24194,0
5889,0
9787,0
36270,0
30375,0
19546,0
3415,0
356,0
68890,0
36096,0
20908,0
65049,0
32116,0
65664,0
44830,0
47467,0
72296,0
30094,0
51253,0
16074,0
8848,0
6291,0
60689,0
26949,0
36212,0
57862,0
65091,0
34981,0
64451,0
42455,0
18695,0
9803,0
68928,0
42866,0
16533,0
24483,0
48130,0
46779,0
18971,0
3158,0
24304,0
27579,0
4800,0
60105,0
6263,0
3976,0
43119,0
19962,0
39528,0
53,0
12213,0
62789,0
6684,0
50693,0
986,0
46393,0
66719,0
72746,0
27834,0
23111,0
71570,0
9901,0
49416,0
10225,0
42216,0
60642,0
32612,0
16130,0
37123,0
63690,0
1338,0
5245,0
11509,0
36268,0
39722,0
70350,0
1767,0
59043,0
55782,0
44844,0
67074,0
60711,0
71714,0
30439,0
29784,0
36566,0
14509,0
34224,0
34316,0
40176,0
21124,0
8680,0
14400,0
27112,0
23338,0
64947,0
14363,0
42605,0
36961,0
8313,0
70490,0
65603,0
13106,0
38477,0
40294,0
62662,0
16855,0
57483,0
1553,0
71282,0
48965,0
29475,0
43750,0
15871,0
47485,0
31877,0
16376,0
35423,0
23137,0
59740,0
72876,0
42895,0
38475,0
27356,0
9059,0
21633,0
27463,0
42735,0
41463,0
24878,0
29605,0
37688,0
16413,0
9858,0
53707,0
1903,0
17131,0
39447,0
72279,0
6810,0
67886,0
50250,0
65237,0
41474,0
41796,0
45435,0
35632,0
11807,0
64982,0
60180,0
33848,0
27117,0
25721,0
72670,0
46698,0
18394,0
35412,0
58520,0
31656,0
634,0
50090,0
56493,0
30503,0
66024,0
64448,0
44496,0
30958,0
4076,0
8299,0
70413,0
30427,0
43064,0
37677,0
38152,0
64193,0
47263,0
9125,0
18622,0
17990,0
16732,0
16506,0
49022,0
47318,0
1327,0
69478,0
57002,0
49278,0
67584,0
6195,0
52781,0
39983,0
4583,0
64528,0
38305,0
29609,0
49178,0
48116,0
64405,0
13350,0
10784,0
21621,0
55577,0
16290,0
7263,0
72553,0
60975,0
69036,0
9929,0
56337,0
57216,0
22380,0
12781,0
10507,0
8305,0
25155,0
17459,0
34980,0
3156,0
59624,0
26241,0
44470,0
46224,0
44284,0
52921,0
61749,0
67151,0
62470,0
42731,0
52005,0
44027,0
17588,0
48308,0
59422,0
5760,0
52692,0
53002,0
330,0
54912,0
54382,0
66944,0
71347,0
11663,0
33663,0
54466,0
51652,0
21668,0
50865,0
28639,0
59511,0
45577,0
63200,0
4114,0
11433,0
40625,0
30884,0
61008,0
30899,0
50647,0
4313,0
33864,0
65179,0
30088,0
32557,0
69718,0
40919,0
53390,0
3362,0
7354,0
15390,0
7050,0
50943,0
64840,0
17844,0
45902,0
24650,0
31306,0
34183,0
68582,0
47260,0
45478,0
10191,0
18219,0
15080,0
2139,0
18340,0
63209,0
46553,0
13845,0
19766,0
10568,0
39027,0
17367,0
72221,0
6108,0
38172,0
19065,0
35164,0
58933,0
11596,0
14667,0
58429,0
66155,0
15474,0
27783,0
6205,0
49503,0
47448,0
58545,0
55273,0
5756,0
66256,0
55694,0
45145,0
69465,0
46313,0
64456,0
27031,0
28806,0
62599,0
66410,0
42078,0
47967,0
65064,0
69316,0
47765,0
62409,0
32312,0
25953,0
40236,0
32834,0
12651,0
63400,0
59302,0
4626,0
3995,0
50513,0
51737,0
68155,0
27490,0
63469,0
60391,0
71827,0
49984,0
54953,0
71497,0
10358,0
49571,0
37484,0
22246,0
4011,0
3310,0
28405,0
68665,0
18619,0
5628,0
67317,0
40361,0
9223,0
66222,0
20037,0
61235,0
33223,0
35406,0
71205,0
10615,0
53216,0
40246,0
37599,0
10399,0
36336,0
63966,0
70448,0
32930,0
45580,0
15021,0
12481,0
39825,0
23498,0
45246,0
72003,0
62423,0
46286,0
60497,0
35234,0
52212,0
26016,0
64337,0
24358,0
24017,0
36765,0
33811,0
515,0
36821,0
70159,0
35426,0
14416,0
38932,0
31744,0
17034,0
11153,0
381,0
70986,0
28327,0
52332,0
6079,0
32680,0
8533,0
55440,0
38402,0
14350,0
39595,0
28992,0
67096,0
12113,0
12061,0
56118,0
58342,0
12589,0
48245,0
27386,0
1104,0
10723,0
18496,0
15190,0
32749,0
46945,0
28060,0
72541,0
56416,0
13543,0
46180,0
43794,0
21679,0
14115,0
31151,0
10934,0
1588,0
40329,0
28744,0
32427,0
71162,0
27946,0
35961,0
22961,0
41073,0
71011,0
55399,0
63583,0
49563,0
61272,0
40672,0
46591,0
2056,0
12891,0
7520,0
25437,0
60903,0
17289,0
568,0
1871,0
29968,0
53830,0
18959,0
18016,0
15409,0
8049,0
39523,0
8866,0
20540,0
52628,0
15895,0
28312,0
19949,0
68743,0
10261,0
55749,0
1528,0
48625,0
23404,0
52618,0
72566,0
41754,0
64781,0
9722,0
30367,0
71064,0
31505,0
35025,0
46024,0
50831,0
23317,0
69630,0
67342,0
64458,0
60322,0
71571,0
57478,0
41027,0
7375,0
19371,0
31506,0
37933,0
72831,0
51350,0
26739,0
31650,0
65588,0
14358,0
30910,0
25752,0
14822,0
3372,0
65536,0
67966,0
61193,0
68470,0
29791,0
24747,0
65271,0
63772,0
70699,0
56084,0
60015,0
27214,0
12398,0
14464,0
48628,0
65563,0
9793,0
20974,0
1124,0
60020,0
57898,0
2037,0
29785,0
66406,0
69808,0
38022,0
22657,0
9439,0
42988,0
55938,0
17995,0
37879,0
63342,0
55463,0
59318,0
62309,0
47863,0
17590,0
1424,0
1315,0
32439,0
37235,0
20066,0
53475,0
37328,0
6436,0
58244,0
55954,0
1223,0
63166,0
11518,0
1661,0
61696,0
37706,0
30235,0
1561,0
17532,0
16187,0
18204,0
24167,0
59481,0
21843,0
65833,0
33236,0
32975,0
57554,0
1355,0
58583,0
29227,0
51805,0
35448,0
35956,0
51363,0
48320,0
842,0
43384,0
69762,0
62290,0
64414,0
31526,0
49172,0
25508,0
35841,0
17807,0
10916,0
47166,0
28323,0
30615,0
70012,0
49215,0
22395,0
55665,0
70975,0
37810,0
54757,0
13872,0
37464,0
58867,0
64256,0
54913,0
14316,0
39865,0
48086,0
59394,0
22759,0
41064,0
13574,0
67745,0
10279,0
65562,0
31695,0
37043,0
68759,0
35715,0
62564,0
14475,0
69748,0
52582,0
64198,0
41383,0
51270,0
43670,0
62644,0
3048,0
69351,0
25294,0
57642,0
8774,0
22998,0
18098,0
63641,0
56725,0
66368,0
62141,0
65682,0
27673,1
6261,0
33240,0
17552,0
21185,0
56545,0
59620,0
14271,0
41227,0
71458,0
42003,0
8726,0
66766,0
24402,0
9619,0
5018,0
46463,0
51810,0
59556,0
19258,0
34946,0
8193,0
55296,0
17153,0
44694,0
22936,0
16886,0
4271,0
13494,0
26183,0
63838,0
50765,0
25892,0
54631,0
4152,0
47939,0
17775,0
45671,0
57475,0
51987,0
51268,0
2938,0
10188,0
28764,0
12696,0
57932,0
44099,0
19868,0
10896,0
21508,0
31460,0
40580,0
14506,0
15215,0
19542,0
20956,0
44038,0
43854,0
33554,0
35149,0
38409,0
41468,0
9057,0
68761,0
19915,0
10510,0
21165,0
21516,0
56340,0
66512,0
39494,0
55185,0
49413,0
2028,0
45877,0
20083,0
3238,0
1222,0
58969,0
27885,0
8857,0
3542,0
29606,0
24846,0
6482,0
13587,0
27353,0
46010,0
65275,0
13195,0
40491,0
6057,0
71578,0
29351,0
47494,0
2371,0
65424,0
72326,0
21898,0
28032,0
70672,0
40463,0
40719,0
44036,0
39798,0
48718,0
62118,0
4249,0
58751,0
59146,0
3738,0
34470,0
11473,0
27402,0
36437,0
6943,0
32616,0
64921,0
69276,0
60510,0
57647,0
56520,0
51616,0
62081,0
31745,0
53760,0
17707,0
54828,0
68653,0
3382,0
19155,0
21914,0
71323,0
62949,0
37868,0
56592,0
15901,0
29914,0
11824,0
25775,0
50178,0
69202,0
64789,0
40256,0
57382,0
26725,0
21155,0
11678,0
41304,0
51599,0
56152,0
44947,0
48080,0
11694,0
9743,0
28492,0
38408,0
65343,0
70119,0
13150,0
18311,0
35797,0
6649,0
67489,0
34676,0
19249,0
67844,0
43360,0
39271,0
51838,0
4539,0
26982,0
10221,0
1293,0
45146,0
59769,0
30684,0
41185,0
40678,0
52804,0
30114,0
20103,0
18307,0
44337,0
10824,0
29597,0
34753,0
24746,0
14195,0
46540,0
48831,0
53792,0
68642,0
47123,0
33874,0
36761,0
15707,0
12049,0
32640,0
45109,0
47319,0
24211,0
64453,0
68615,0
21019,0
66625,0
70153,0
8026,0
55114,0
58705,0
12549,0
15913,0
25261,0
70966,0
51715,0
7483,0
31304,0
42415,0
53929,0
42948,0
69733,0
68758,0
66201,0
15865,0
6900,0
20600,0
30038,0
46496,0
45384,0
22203,0
58491,0
46940,0
13670,0
64795,0
8852,0
67515,0
40553,0
37929,0
45892,0
3111,0
2206,0
30926,0
4668,0
57566,0
60395,0
23056,0
5395,0
38569,0
14734,0
58080,0
36664,0
43094,0
49824,0
23776,0
49851,0
63205,0
23963,0
8322,0
7163,0
17348,0
44704,0
23784,0
72452,0
18121,0
51905,0
31075,0
53605,0
42901,0
18767,0
15522,0
56386,0
3566,0
1082,0
30369,0
50171,0
58087,0
24807,0
23476,0
26918,0
22509,0
48634,0
60870,0
5832,0
21053,0
37718,0
11287,0
18803,0
6803,0
13647,0
70305,0
37604,0
33050,0
15317,0
38004,0
71948,0
49404,0
28706,0
12540,0
34784,0
35733,0
26490,0
1739,0
62346,0
62498,0
41192,0
73,0
56376,0
49816,0
65425,0
37426,0
60347,0
64690,0
22393,0
28222,0
37747,0
28269,0
62407,0
57445,0
36563,0
66050,0
26341,0
31432,0
8993,0
42508,0
2283,0
21488,0
3706,0
5383,0
3671,0
61768,0
70810,0
41571,0
35865,0
24626,0
71108,0
35040,0
59188,0
34096,0
50580,0
62002,0
61547,0
30208,0
61961,0
11215,0
54307,0
49142,0
51778,0
41114,0
13438,0
23793,0
2931,0
26426,0
42110,0
61419,0
41178,0
54482,0
43665,0
44881,0
18160,0
18254,0
13680,0
16499,0
40525,0
21736,0
15711,0
62424,0
54572,0
61615,0
33842,0
68387,0
50337,0
21329,0
69469,0
21985,0
65364,0
52955,0
56947,0
13770,0
43378,0
57455,0
35751,0
32569,0
53545,0
57742,0
6734,0
55417,0
63258,0
31619,0
46687,0
29068,0
6148,0
66467,0
51749,0
6093,0
66459,0
46704,0
16640,0
61635,0
4697,0
32598,0
63870,0
27751,0
8806,0
48671,0
50163,0
11893,0
54836,0
27630,0
55125,0
66156,0
70446,0
13381,0
71572,0
63117,0
67818,0
49363,0
65855,0
3556,0
951,0
19015,0
16845,0
3638,0
41408,0
17524,0
25492,0
18580,0
12130,0
37247,0
58173,0
45832,0
71384,0
8053,0
69215,0
48486,0
16769,0
17735,0
22301,0
52441,0
59943,0
41599,0
12051,0
25990,0
49724,0
67919,0
17445,0
10806,0
51519,0
56516,0
54285,0
10853,0
16576,0
17384,0
67249,0
3302,0
63437,0
16451,0
30906,0
69674,0
43472,0
35351,0
32695,0
5401,0
64316,0
1601,0
55639,0
21636,0
14067,0
20735,0
66042,0
45135,0
36982,0
26633,0
3968,0
68009,0
36192,0
69186,0
53433,0
7640,0
3398,0
3571,0
15583,0
2352,0
30619,0
59491,0
59545,0
8373,0
41345,0
40789,0
62214,0
1560,0
30029,0
44294,0
71405,0
55049,0
21693,0
64714,0
4988,0
39752,0
28901,0
12526,0
68485,0
2055,0
3866,0
17553,0
23008,0
67723,0
5003,0
25295,0
46242,0
1284,0
10688,0
69191,0
33950,0
47908,0
67923,0
26065,0
35468,0
47644,0
28908,0
28889,0
63613,0
56248,0
46842,0
20281,0
4711,0
51093,0
26406,0
6481,0
28067,0
30429,0
15932,0
71996,0
2666,0
44610,0
25725,0
46912,0
47588,0
8720,0
26166,0
60156,0
34915,0
54291,0
56931,0
39555,0
63110,0
34704,0
66037,0
15613,0
65619,0
29092,0
37579,0
59296,0
8695,0
12562,0
33689,0
33391,0
46263,0
55233,0
20335,0
25723,0
49910,0
14312,0
35472,0
3491,0
7733,0
21371,0
37285,0
320,0
12823,0
5943,0
23457,0
28738,0
20289,0
67796,0
32626,0
63168,0
34956,0
35246,0
63238,0
29651,0
55656,0
19490,0
26119,0
1754,0
36293,0
64351,0
70449,0
48312,0
12266,0
66005,0
33783,0
15057,0
916,0
57931,0
8357,0
23596,0
36005,0
31089,0
62199,0
23473,0
6122,0
50046,0
47957,0
56191,0
63566,0
25231,0
36539,0
38393,0
48374,0
58845,0
46783,0
41949,0
33461,0
48576,0
21187,0
6450,0
68234,0
39366,0
16404,0
18632,0
43995,0
6497,0
5676,0
9610,0
3924,0
32327,0
24037,0
40817,0
54868,0
69616,0
18707,0
41944,0
25664,0
57885,0
21427,0
12265,0
20950,0
48315,0
64595,0
38364,0
45437,0
57546,0
54685,0
49124,0
66462,0
28257,0
66817,0
42591,0
37605,0
60129,0
12795,0
61057,0
50630,0
56719,0
582,0
69753,0
21841,0
9425,0
52699,0
28030,0
175,0
51952,0
47631,0
69052,0
42411,0
35306,0
37195,0
25123,0
62853,0
45039,0
68693,0
25173,0
9192,0
30460,0
44630,0
5925,0
20668,0
36235,0
56747,0
61167,0
5595,0
23940,0
58224,0
19516,0
57028,0
22423,0
36807,0
23958,0
50165,0
72227,0
15780,0
27018,0
14748,0
62998,0
4307,0
40872,0
40230,0
61383,0
56361,0
60590,0
49518,0
7829,0
31694,0
67805,0
30665,0
51313,0
42546,0
60083,0
43491,0
45899,0
58537,0
68698,0
55542,0
2752,0
4171,0
16269,0
9714,0
20405,0
72045,0
8666,0
22079,0
25501,0
44358,0
37118,0
28479,0
18945,0
31647,0
21897,0
12506,0
13404,0
19483,0
52632,0
4968,0
27510,0
46803,0
36416,0
24073,0
69994,0
2041,0
23233,0
51871,0
12364,0
7325,0
47720,0
13481,0
30557,0
1815,0
48259,0
72030,0
44860,0
18351,0
19559,0
30030,0
39862,0
30706,0
59354,0
61260,0
9633,0
72550,0
16280,0
32139,0
64747,0
48155,0
13284,0
64252,0
11186,0
51037,0
31993,0
2342,0
63768,0
28192,0
5653,0
19914,0
55563,0
18880,0
34069,0
63906,0
4658,0
69447,0
67967,0
20609,0
68160,0
1342,0
38286,0
70142,0
21415,0
22293,0
44044,0
21423,0
51002,0
31809,0
9256,0
508,0
69700,0
34300,0
30859,0
60046,0
42668,0
22419,0
65280,0
5328,0
46840,0
25848,0
26632,0
7036,0
60281,0
46567,0
30651,0
48396,0
53203,0
50086,0
61047,0
33797,0
72600,0
53104,0
21513,0
28571,0
7865,0
22214,0
66963,0
45466,0
36396,0
62786,0
15126,0
26658,0
62712,0
10011,0
53123,0
67142,0
57153,0
25332,0
108,0
44850,0
12031,0
3146,0
70377,0
58216,0
22561,0
52111,0
68712,0
38515,0
5809,0
9311,0
30137,0
44251,0
1785,0
33522,0
58023,0
2385,0
12603,0
30578,0
46186,0
23298,0
51827,0
53675,0
56846,0
32583,0
46280,0
7383,0
14472,0
10773,0
38868,0
31085,0
60433,0
2836,0
63028,0
23344,0
35697,0
31792,0
70343,0
3186,0
69421,0
46227,0
54198,0
31567,0
57421,0
28503,0
25135,0
24136,0
68943,0
33722,0
54916,0
58033,0
15396,0
7827,0
46944,0
55092,0
4969,0
22066,0
69735,0
35016,0
48230,0
72371,0
48574,0
13289,0
26059,0
8761,0
61375,0
375,0
68331,0
23862,0
12420,0
6640,0
53409,0
35256,0
29666,0
40435,0
5940,0
34105,0
37734,0
13130,0
44880,0
61197,0
61922,0
63602,0
55951,0
53237,0
62352,0
58263,0
54332,0
8641,0
58409,0
13714,0
45611,0
60582,0
62605,0
67929,0
5802,0
56895,0
59819,0
3275,0
517,0
49864,0
18128,0
66877,0
15739,0
34939,0
27663,0
63371,0
66299,0
36311,0
64185,0
54080,0
288,0
52653,0
70892,0
64614,0
20826,0
24054,0
27090,0
68532,0
884,0
13795,0
50220,0
11704,0
43120,0
45909,0
30330,0
58516,0
15457,0
17774,0
27452,0
25817,0
29940,0
22889,0
32326,0
60060,0
72266,0
1799,0
64925,0
55016,0
57929,0
16724,0
26866,0
25742,0
18457,0
7528,0
15199,0
48846,0
51128,0
72482,0
62646,0
5521,0
53981,0
46403,0
59214,0
11612,0
71036,0
63943,0
6780,0
49714,0
17209,0
414,0
18665,0
23675,0
1928,0
55498,0
31968,0
26176,0
42468,0
63760,0
62906,0
67244,0
68957,0
9778,0
56627,0
20193,0
34679,0
14887,0
23795,0
38148,0
67503,0
64228,0
8793,0
53625,0
9331,0
54450,0
62067,0
51921,0
34944,0
50425,0
22723,0
2042,0
37589,0
63351,0
48430,0
4673,0
49937,0
28230,0
34094,0
854,0
52994,0
55144,0
45919,0
30767,0
53286,0
1048,0
2448,0
22835,0
46896,0
27179,0
11483,0
43502,0
24126,0
7064,0
41728,0
32655,0
59459,0
56088,0
64099,0
44661,0
40330,0
54597,0
1629,0
23061,0
17818,0
11925,0
28002,0
5704,0
39442,0
59340,0
30841,0
59842,0
15028,0
52682,0
32207,0
8576,0
36164,0
50185,0
26734,0
63487,0
47440,0
15172,0
36118,0
2388,0
65781,0
13699,0
70685,0
6112,0
12267,0
63313,0
71226,0
13758,0
13806,0
68669,0
72849,0
59703,0
18009,0
2451,0
59767,0
67893,0
36230,0
69468,0
9191,0
52039,0
46174,0
21767,0
31479,0
55730,0
24957,0
28869,0
61110,0
39068,0
21662,0
17402,0
6414,0
62293,0
6711,0
33265,0
70421,0
9557,0
24982,0
57982,0
25223,0
70898,0
7367,0
8518,0
68037,0
20656,0
10612,0
44247,0
28036,0
29802,0
58234,0
23113,0
23608,0
19050,0
65119,0
34929,0
28252,0
48510,0
39666,0
31414,0
19591,0
25764,0
63541,0
44761,0
19017,0
62672,0
45841,0
35277,0
2554,0
17961,0
58850,0
54796,0
7377,0
59383,0
8372,0
13401,0
64016,0
67325,0
253,0
846,0
36635,0
54987,0
33881,0
69626,0
25531,0
24663,0
40382,0
52637,0
66280,0
27866,0
6427,0
60592,0
61592,0
67341,0
26396,0
92,0
56981,0
31115,0
14039,0
37666,0
57669,0
43916,0
44826,0
55380,0
3368,0
24532,0
69277,0
58088,0
3574,0
68736,0
2118,0
44161,0
10336,0
14071,0
5480,0
12426,0
39928,0
2534,0
15556,0
52355,0
20368,0
63256,0
27795,0
31654,0
51597,0
36463,0
49862,0
5348,0
59917,0
31714,0
27959,0
8421,0
41429,0
24624,0
45972,0
37834,0
19716,0
2263,0
6412,0
12254,0
4268,0
48929,0
17482,0
64314,0
67590,0
9459,0
38559,0
41907,0
17637,0
46295,0
65108,0
7011,0
67522,0
15249,0
50564,0
15359,0
5224,0
31339,0
7812,0
33025,0
58360,0
52370,0
53501,0
